ST_CASE;DAY;HOUR;MINUTE;RUR_URB;DAY_WEEK;FATALS;DRUNK_DR
10650;12;1;40;8;7;1;1
10651;10;20;33;8;5;1;0
10652;6;19;39;8;1;1;0
10658;1;19;47;8;3;1;0
10659;3;1;20;8;5;1;0
10660;4;5;0;8;6;1;1
10661;4;17;39;8;6;1;0
10662;5;18;10;8;7;1;0
10663;5;23;0;8;7;1;0
10664;5;17;20;8;7;1;0
10665;6;2;10;8;1;1;1
10666;7;5;45;8;2;1;0
10667;7;18;28;8;2;1;0
10668;8;7;5;8;3;1;0
10669;9;6;8;8;4;1;0
10670;10;22;47;8;5;1;0
10671;12;15;41;8;7;1;1
10672;13;6;10;8;1;1;0
10673;9;0;53;8;4;1;1
10674;19;23;42;8;7;1;0
10675;9;17;22;8;4;1;0
10676;13;10;24;8;1;1;0
10677;15;14;58;8;3;1;0
10678;15;18;30;8;3;2;1
10679;17;10;0;8;5;1;0
10680;16;13;15;8;4;1;0
10681;18;21;24;8;6;1;0
10682;19;21;57;8;7;1;0
10683;20;16;37;8;1;1;0
10685;26;7;10;8;7;1;0
10686;5;10;35;8;7;1;1
10687;17;21;15;8;5;1;0
10688;17;5;45;8;5;1;0
10689;18;9;45;8;6;1;0
10690;16;17;20;8;4;1;0
10691;20;14;40;8;1;1;0
10692;20;1;19;8;1;1;0
10693;20;1;17;8;1;1;0
10694;21;16;20;8;2;1;0
10695;22;17;55;8;3;1;0
10696;23;3;10;8;4;1;1
10697;23;10;22;8;4;1;0
10698;25;18;27;8;6;1;0
10699;29;4;30;8;3;1;0
10701;16;7;40;8;4;3;0
10702;17;21;53;8;5;1;0
10703;19;11;8;8;7;1;0
10704;24;17;50;8;5;2;1
10705;27;12;46;8;1;1;0
10706;28;2;14;8;2;1;1
10707;29;7;24;8;3;1;0
10708;30;18;15;8;4;1;0
10709;29;7;45;8;3;1;0
10749;9;0;50;1;4;1;0
10764;30;4;37;1;4;1;0
10765;30;4;43;1;4;1;0
10766;25;20;0;1;6;1;0
10771;2;8;0;1;4;1;0
10772;6;9;20;1;1;1;0
10773;7;5;5;1;2;1;0
10774;11;1;15;1;6;1;1
10775;20;9;25;1;1;1;0
10776;21;16;45;1;2;1;0
10777;26;17;30;1;7;3;0
10778;30;10;25;2;4;1;0
10779;11;15;45;1;6;1;0
10780;11;23;40;1;6;1;1
10781;12;2;20;1;7;1;1
10782;19;7;30;1;7;1;0
10783;19;18;30;1;7;1;0
10784;25;2;0;1;6;3;1
20055;1;20;55;1;3;3;0
20056;5;99;99;1;7;1;1
20057;22;17;23;1;3;1;0
20058;24;17;6;2;5;1;0
20060;29;21;23;1;3;1;1
40758;2;7;29;2;4;1;0
40759;6;12;30;1;1;1;0
40760;6;16;57;1;1;2;1
40761;6;18;0;2;1;1;0
40762;8;18;59;1;3;1;0
40763;8;19;9;1;3;1;0
40764;9;17;19;2;4;1;0
40765;9;17;21;2;4;1;0
40766;10;10;46;2;5;1;0
40767;12;10;33;2;7;1;0
40768;13;9;41;2;1;1;0
40769;13;11;16;1;1;1;0
40770;14;19;1;2;2;1;0
40771;15;12;35;2;3;1;0
40772;18;11;32;2;6;1;1
40773;21;17;2;2;2;1;0
40774;22;13;26;2;3;1;0
40775;22;19;23;2;3;1;0
40776;23;17;16;2;4;1;0
40777;24;23;37;2;5;1;1
40778;28;12;38;2;2;1;0
40779;30;0;0;1;4;2;0
40780;30;21;10;2;4;1;0
40781;31;0;31;1;5;1;1
40782;19;19;50;2;7;1;0
40783;22;15;20;1;3;1;0
40795;8;15;29;1;3;1;0
40796;14;17;9;1;2;1;1
40797;3;18;7;2;5;1;0
40799;5;18;19;2;7;1;0
40800;26;2;6;1;7;3;1
40801;4;20;3;1;6;1;0
40802;5;3;0;2;7;1;1
40803;5;18;46;2;7;1;1
40804;6;3;30;2;1;1;0
40806;9;17;38;2;4;1;1
40807;11;22;30;2;6;1;0
40808;4;16;16;1;6;2;0
40809;5;22;5;1;7;1;0
40810;13;15;52;1;1;2;0
40811;17;16;22;2;5;1;0
40812;17;22;6;1;5;1;1
40813;20;12;30;1;1;1;1
40814;23;22;22;1;4;1;0
40815;28;16;43;1;2;1;0
40818;8;16;20;2;3;1;0
40819;9;15;13;2;4;1;0
40820;10;99;99;1;5;1;0
40821;13;6;57;2;1;2;1
40822;13;18;50;2;1;1;0
40823;17;16;54;2;5;1;0
40824;19;1;7;2;7;1;0
40825;20;2;53;1;1;1;1
40826;22;99;99;9;3;1;0
40827;25;9;26;1;6;1;1
40828;29;7;39;2;3;1;0
40829;30;19;53;2;4;1;0
40831;26;18;44;2;7;1;0
40832;30;20;30;2;4;1;1
50452;1;6;15;2;3;1;0
50453;1;18;49;1;3;1;0
50454;2;12;37;1;4;1;0
50455;3;9;24;1;5;1;0
50456;3;11;0;1;5;2;0
50457;4;1;35;1;6;2;0
50458;4;13;6;1;6;1;0
50459;5;17;13;1;7;1;0
50460;7;4;23;2;2;1;0
50461;8;23;21;2;3;1;0
50462;9;7;45;1;4;1;0
50463;10;0;40;1;5;1;1
50464;11;17;37;2;6;1;0
50465;13;1;0;1;1;1;0
50466;13;12;5;1;1;1;1
50467;13;15;21;1;1;1;0
50468;14;11;47;1;2;1;0
50469;14;16;27;1;2;1;0
50470;15;13;21;1;3;2;0
50471;16;20;15;1;4;1;0
50472;18;8;45;1;6;1;0
50473;21;9;12;1;2;2;0
50474;21;23;45;1;2;2;0
50475;21;23;45;1;2;1;0
50476;26;5;40;2;7;1;1
50477;26;18;35;2;7;1;0
50479;27;13;7;1;1;1;0
50480;29;16;55;1;3;1;0
50481;30;19;53;1;4;1;1
50482;30;20;32;1;4;1;1
50483;31;23;18;1;5;1;0
61936;2;10;15;2;4;1;0
61939;18;17;25;1;6;1;0
61950;10;23;15;1;5;1;0
61951;19;15;30;1;7;2;0
61952;12;21;15;1;7;2;1
61956;20;10;55;1;1;1;0
61961;17;7;15;1;5;1;0
61964;21;23;44;2;2;1;0
61972;12;5;55;2;7;1;1
61978;13;1;45;2;1;1;1
61980;3;13;10;1;5;2;0
61999;1;8;0;2;3;1;0
62053;29;5;37;2;3;1;1
62069;4;20;30;2;6;1;1
62081;5;17;27;1;7;1;0
62085;25;20;11;1;6;1;0
62088;11;22;10;2;6;1;0
62097;10;14;10;2;5;1;0
62156;7;13;30;1;2;1;1
62173;5;20;15;1;7;2;0
62209;6;18;15;1;1;1;0
62214;3;13;50;1;5;1;0
62220;9;22;25;1;4;1;1
62221;12;1;53;2;7;1;0
62222;16;17;45;1;4;1;0
62223;21;13;7;2;2;1;0
62241;13;5;54;2;1;1;0
62243;22;15;20;1;3;1;0
62245;6;16;0;2;1;1;0
62246;16;1;6;2;4;1;0
62249;15;7;50;1;3;2;0
62252;15;14;46;2;3;1;1
62255;15;13;0;2;3;1;0
62258;23;19;39;1;4;1;1
62259;27;1;14;2;1;2;1
62261;31;22;45;1;5;1;0
62263;17;7;41;2;5;1;0
62265;17;17;14;2;5;1;0
62269;14;19;6;2;2;1;0
62273;4;17;23;2;6;1;0
62276;19;5;15;1;7;1;0
62277;27;15;20;1;1;1;1
62278;10;18;0;1;5;1;0
62279;1;4;55;2;3;1;0
62280;11;9;40;1;6;1;0
62282;20;20;14;2;1;1;1
62283;27;17;7;1;1;1;0
62285;15;6;35;2;3;1;0
62289;15;18;21;2;3;1;0
62292;12;20;15;2;7;1;0
62294;8;11;8;2;3;1;0
62296;7;99;99;1;2;1;0
62300;20;22;32;2;1;4;0
62301;28;8;19;2;2;1;0
62304;10;17;15;1;5;1;1
62307;30;22;15;2;4;1;0
62309;3;20;30;2;5;1;0
62311;7;5;28;1;2;1;0
62312;25;13;40;2;6;1;0
62313;6;4;15;2;1;1;0
62315;5;1;44;2;7;1;1
62316;12;22;17;2;7;1;1
62318;19;18;40;2;7;1;0
62319;5;17;37;2;7;1;0
62320;18;9;33;2;6;1;0
62321;18;19;31;2;6;1;0
62322;19;2;51;2;7;1;0
62324;21;15;50;1;2;2;0
62325;21;22;46;2;2;1;0
62332;14;8;5;2;2;1;0
62336;7;19;45;1;2;1;0
62338;8;99;99;1;3;1;0
62339;15;22;5;2;3;1;0
62341;19;23;18;2;7;1;0
62343;23;14;35;1;4;1;0
62346;20;20;34;2;1;1;0
62347;24;21;40;2;5;1;1
62350;25;2;35;2;6;2;0
62352;18;2;20;2;6;1;0
62353;7;21;0;1;2;1;0
62357;15;18;28;2;3;1;0
62363;23;19;33;1;4;1;0
62368;22;18;54;2;3;1;0
62387;26;12;27;1;7;1;1
62397;14;0;24;2;2;1;1
62399;10;4;0;1;5;1;1
62403;19;12;40;1;7;1;1
62405;29;9;5;2;3;1;0
62420;4;19;15;1;6;1;1
62422;29;17;16;2;3;1;0
62430;4;16;7;2;6;1;0
62440;8;5;21;1;3;1;0
62444;8;6;40;2;3;1;0
62454;2;18;20;1;4;1;0
62457;3;5;45;2;5;1;0
62461;3;6;43;2;5;1;0
62464;8;9;23;2;3;1;0
62466;3;22;46;2;5;1;1
62468;4;11;50;1;6;1;0
62469;11;16;22;2;6;1;0
62470;6;0;25;1;1;1;0
62471;7;17;50;1;2;1;0
62474;16;17;15;2;4;1;0
62475;17;17;27;2;5;1;0
62476;8;99;99;1;3;1;0
62479;19;10;10;1;7;1;1
62487;6;1;38;2;1;1;1
62488;8;17;40;2;3;1;0
62499;10;3;50;1;5;1;1
62500;30;2;9;2;4;1;1
62517;9;4;15;1;4;1;0
62522;18;15;38;2;6;1;0
62523;22;22;55;2;3;1;2
62525;28;0;38;2;2;1;0
62527;28;11;5;1;2;1;0
62534;27;22;30;2;1;1;1
62546;19;13;15;1;7;1;0
62549;31;13;20;2;5;1;0
62558;3;12;58;2;5;1;0
62559;3;21;57;2;5;2;0
62560;21;14;18;2;2;2;0
62563;1;21;11;2;3;1;1
62564;7;8;12;1;2;1;0
62565;4;0;10;2;6;1;0
62566;29;0;50;2;3;1;0
62567;5;2;8;2;7;2;1
62569;4;20;2;1;6;2;0
62571;14;7;50;1;2;1;0
62574;16;22;30;2;4;1;1
62575;12;99;99;1;7;1;0
62576;6;23;6;2;1;1;0
62578;4;13;45;2;6;1;0
62579;26;17;36;1;7;1;0
62580;17;21;40;2;5;1;1
62581;18;0;25;2;6;1;1
62588;21;13;20;1;2;1;0
62592;27;17;21;1;1;1;0
62593;26;23;26;1;7;1;1
62595;30;99;99;1;4;1;0
62598;27;0;20;2;1;1;1
62599;6;16;44;1;1;1;0
62605;13;10;32;1;1;2;0
62616;30;20;36;2;4;1;1
62618;15;18;10;1;3;1;0
62620;31;13;20;2;5;1;0
62622;18;18;28;1;6;1;1
62629;22;4;22;2;3;1;0
62633;18;0;25;2;6;1;1
62636;28;7;58;1;2;1;0
62637;28;0;33;2;2;1;1
62640;30;16;35;2;4;1;0
62642;7;16;15;2;2;1;0
62643;28;21;5;1;2;1;1
62646;25;14;35;2;6;1;0
62649;22;18;46;1;3;1;0
62650;6;3;30;2;1;1;0
62651;12;14;0;1;7;1;0
62652;14;10;15;2;2;1;0
62653;15;21;30;2;3;1;0
62655;24;17;40;2;5;1;0
62660;26;12;28;1;7;1;0
62662;17;6;23;2;5;1;0
62666;6;2;54;2;1;1;0
62681;9;12;55;1;4;1;0
62682;31;99;99;1;5;1;0
62685;7;19;17;1;2;2;0
62690;24;21;30;2;5;1;0
62693;13;16;21;1;1;1;0
62694;17;20;8;2;5;1;1
62695;27;6;5;2;1;2;1
62703;14;13;30;1;2;3;1
62714;4;13;16;2;6;1;0
62723;15;12;30;2;3;1;0
62729;11;12;55;1;6;2;0
62732;16;19;25;2;4;1;0
62735;29;2;8;2;3;1;1
62736;18;17;30;1;6;1;0
62737;23;10;20;1;4;1;1
62739;20;21;46;2;1;1;0
62740;11;5;15;1;6;1;0
62742;2;16;55;2;4;1;0
62744;3;5;15;2;5;1;0
62745;7;19;15;2;2;1;0
62746;21;3;40;1;2;1;0
62747;3;5;40;1;5;1;0
62748;3;13;50;1;5;1;0
62752;11;6;9;2;6;1;0
62753;12;8;35;1;7;1;0
62754;12;18;23;2;7;1;0
62755;15;5;30;2;3;1;0
62756;9;19;34;2;4;1;0
62757;13;5;0;1;1;1;0
62758;6;3;45;1;1;1;0
62759;18;18;6;2;6;1;0
62760;22;18;4;2;3;1;0
62761;2;10;50;2;4;1;0
62763;20;3;24;2;1;3;1
62764;13;17;20;2;1;1;0
62766;27;17;15;1;1;1;0
62767;3;15;18;1;5;1;0
62768;28;1;55;2;2;2;0
62769;28;21;5;2;2;1;0
62770;31;22;47;2;5;1;0
62771;18;2;54;2;6;1;1
62772;26;5;15;2;7;1;0
62781;3;17;20;2;5;1;0
62782;7;15;23;2;2;1;0
62783;19;8;35;2;7;1;0
62792;25;19;15;2;6;1;2
62798;13;1;20;2;1;1;0
62805;19;6;43;2;7;1;0
62806;28;5;1;2;2;1;0
62826;6;11;13;2;1;1;0
62840;7;9;14;2;2;1;0
62841;22;17;43;2;3;1;0
62842;17;17;25;1;5;2;0
62843;23;21;40;2;4;1;0
62844;28;18;38;2;2;1;0
62849;24;3;13;2;5;1;1
62850;26;11;32;2;7;1;0
62853;25;21;7;2;6;1;1
62854;20;15;23;2;1;1;0
62875;11;18;57;2;6;1;0
62880;5;5;15;2;7;1;1
62882;15;7;15;2;3;1;0
62883;25;1;10;1;6;1;0
62884;4;18;45;2;6;1;0
62885;25;10;57;2;6;1;0
62886;19;1;33;2;7;1;1
62894;25;23;7;2;6;1;0
62896;22;6;30;2;3;1;0
62897;14;4;3;2;2;1;0
62909;14;14;43;2;2;1;0
62910;31;18;57;2;5;1;0
62911;17;23;1;2;5;1;0
62912;23;15;50;1;4;2;0
62913;31;19;0;2;5;5;0
62915;15;11;25;2;3;1;0
62916;7;18;55;2;2;1;0
62921;7;2;30;2;2;1;1
62923;10;18;5;2;5;1;0
80482;3;8;13;2;5;1;0
80483;3;23;49;2;5;1;1
80484;5;3;32;2;7;1;1
80485;6;16;10;1;1;1;0
80486;9;14;10;1;4;1;0
80487;10;1;1;2;5;1;1
80488;11;6;53;2;6;1;1
80489;11;17;48;1;6;1;1
80490;4;12;55;1;6;1;0
80491;17;14;18;2;5;1;0
80492;12;19;41;1;7;1;0
80493;28;12;55;1;2;1;0
80494;17;18;19;2;5;1;0
80495;19;7;10;1;7;1;0
80496;19;20;38;2;7;1;0
80497;21;9;50;1;2;1;1
80498;21;17;27;1;2;2;0
80499;23;1;0;1;4;1;1
80500;23;8;15;2;4;2;0
80501;24;1;50;2;5;1;0
80502;26;15;9;1;7;1;1
80503;30;16;5;2;4;1;0
80504;30;17;20;2;4;1;0
80505;16;14;47;2;4;1;0
80506;2;4;18;2;4;1;0
80507;31;20;21;2;5;1;0
80509;31;8;10;2;5;2;0
80510;29;5;50;2;3;1;0
90120;26;3;56;2;7;1;1
90173;2;22;34;1;4;1;1
90175;4;22;46;2;6;1;0
90177;9;23;43;2;4;1;1
90178;7;19;15;2;2;1;0
90179;13;15;38;1;1;1;0
90180;20;13;11;2;1;1;1
90181;25;1;30;2;6;1;1
90182;25;14;25;2;6;1;0
90183;18;2;7;2;6;1;1
90216;25;20;30;2;6;1;1
90232;3;13;27;2;5;1;0
90241;24;10;33;2;5;1;0
90244;13;0;35;2;1;2;1
90245;6;17;32;2;1;1;1
90248;4;14;38;2;6;1;0
100081;30;20;34;2;4;1;0
100084;25;1;31;2;6;1;1
100088;23;10;11;1;4;2;0
100096;21;17;43;2;2;1;1
100097;17;12;15;1;5;1;0
100098;9;13;47;1;4;1;0
110022;11;17;3;2;6;1;0
110023;19;14;54;2;7;1;0
122185;2;16;19;8;4;1;0
122298;1;21;28;8;3;1;0
122327;2;5;22;1;4;1;1
122328;2;2;0;2;4;1;1
122329;3;19;50;8;5;1;0
122331;6;19;17;2;1;1;0
122332;7;11;15;8;2;1;0
122341;1;12;5;2;3;1;0
122342;2;2;0;8;4;1;1
122344;3;20;7;2;5;1;0
122345;5;17;35;8;7;1;0
122346;6;20;23;8;1;1;0
122347;7;6;17;2;2;1;0
122348;7;16;40;1;2;1;0
122349;5;11;38;2;7;1;0
122359;1;99;99;8;3;1;0
122360;2;15;36;2;4;1;0
122361;3;0;58;1;5;1;0
122362;3;16;20;8;5;1;1
122363;4;7;30;2;6;1;0
122365;5;6;25;8;7;1;1
122366;5;19;9;2;7;1;0
122367;6;23;1;2;1;1;1
122368;6;18;10;8;1;1;0
122369;6;15;47;1;1;1;0
122370;6;19;0;2;1;1;0
122371;6;20;11;2;1;1;0
122372;7;13;35;8;2;1;0
122373;7;15;45;1;2;1;1
122374;7;20;2;8;2;1;1
122375;8;16;45;2;3;1;0
122376;9;18;4;8;4;1;0
122377;9;16;27;8;4;1;0
122378;12;19;5;2;7;1;1
122379;13;11;2;2;1;1;0
122380;12;3;0;8;7;1;1
122429;10;7;53;2;5;1;0
122447;1;1;10;8;3;1;1
122448;1;17;46;8;3;1;0
122449;2;18;4;8;4;1;0
122450;2;0;43;8;4;1;0
122451;2;18;10;2;4;1;0
122452;4;12;41;8;6;2;0
122453;4;18;5;8;6;1;0
122454;5;0;34;2;7;1;0
122455;5;23;1;8;7;1;1
122456;6;19;50;8;1;1;0
122457;6;13;30;8;1;1;0
122458;6;19;0;2;1;1;0
122459;6;20;54;8;1;1;0
122460;7;1;30;8;2;1;1
122461;7;22;46;8;2;1;0
122462;8;7;58;8;3;1;0
122463;9;2;7;2;4;1;0
122464;9;11;50;8;4;1;0
122465;9;18;55;2;4;1;0
122466;9;18;17;1;4;1;0
122467;9;6;30;8;4;1;0
122468;11;13;5;8;6;1;0
122469;11;22;40;8;6;1;0
122470;11;5;42;2;6;1;0
122471;11;17;8;8;6;1;0
122472;11;0;23;8;6;1;0
122473;11;6;35;8;6;1;0
122474;12;0;56;2;7;1;0
122475;12;17;5;8;7;1;0
122476;12;18;46;8;7;1;0
122477;12;8;25;8;7;1;1
122478;13;12;38;2;1;2;0
122479;13;9;0;8;1;1;0
122480;14;20;37;8;2;1;0
122481;14;18;28;8;2;1;0
122482;14;18;29;2;2;1;0
122483;15;13;3;2;3;1;0
122484;15;9;55;1;3;1;0
122485;16;23;55;2;4;1;0
122486;16;22;1;8;4;1;0
122487;17;21;47;2;5;1;0
122493;2;21;58;1;4;1;0
122494;2;21;9;8;4;1;0
122495;5;14;38;8;7;1;0
122496;5;18;41;8;7;1;1
122497;9;18;30;2;4;1;0
122498;11;21;27;2;6;1;0
122499;11;18;37;8;6;1;0
122500;12;15;40;8;7;2;0
122501;12;1;55;8;7;1;1
122502;12;19;2;8;7;1;0
122503;12;0;35;8;7;1;0
122504;12;3;45;2;7;1;1
122505;12;19;13;2;7;1;0
122506;13;7;10;2;1;1;0
122507;13;17;55;2;1;1;0
122508;13;5;22;8;1;1;0
122509;13;4;11;1;1;1;1
122510;14;21;20;2;2;1;0
122512;15;6;16;1;3;1;0
122513;15;12;21;2;3;1;0
122514;16;21;20;8;4;1;0
122515;17;10;41;2;5;1;0
122516;17;19;40;1;5;1;0
122517;17;14;8;1;5;1;0
122518;18;15;25;2;6;1;0
122519;18;17;7;8;6;1;0
122520;19;0;30;2;7;1;0
122521;23;18;5;2;4;2;0
122522;11;3;15;8;6;1;0
122524;11;21;47;8;6;2;1
122525;13;21;7;2;1;1;0
122526;14;16;3;2;2;2;0
122527;16;22;34;2;4;1;1
122528;16;18;33;2;4;1;0
122529;22;3;25;8;3;1;1
122530;11;21;17;8;6;1;0
122531;12;18;11;2;7;1;0
122532;17;12;0;2;5;1;0
122533;20;7;52;8;1;1;0
122534;23;11;50;8;4;1;0
122535;23;16;5;8;4;1;0
122536;24;19;5;8;5;1;1
122537;24;5;30;2;5;1;0
122538;26;0;30;8;7;1;1
122539;11;19;14;2;6;1;0
122540;17;23;30;8;5;1;0
122547;3;23;40;8;5;1;0
122548;10;18;59;2;5;2;1
122549;11;0;14;2;6;1;0
122550;11;11;28;8;6;1;0
122551;14;20;17;8;2;1;0
122552;15;16;45;1;3;3;0
122553;17;0;4;2;5;1;0
122555;11;19;45;2;6;1;0
122556;19;18;20;8;7;1;1
122557;19;0;10;2;7;1;0
122558;20;18;15;2;1;1;1
122559;20;18;50;8;1;1;0
122560;18;18;11;8;6;1;1
122561;20;3;13;8;1;2;1
122562;20;3;45;2;1;1;1
122563;20;15;35;8;1;1;0
122564;21;3;26;2;2;1;1
122565;22;18;50;8;3;1;0
122566;9;6;13;2;4;1;0
122567;19;17;35;8;7;1;0
122568;22;6;12;2;3;1;0
122569;22;18;30;2;3;1;0
122570;22;14;50;2;3;1;0
122571;23;19;25;2;4;2;1
122572;24;20;34;2;5;1;0
122573;24;2;49;2;5;1;0
122574;25;21;5;8;6;1;1
122575;26;18;5;8;7;1;0
122576;26;10;1;1;7;1;0
122577;27;10;36;2;1;1;0
122578;27;5;40;8;1;1;1
122579;27;0;50;2;1;1;0
122580;27;19;33;8;1;1;0
122581;16;21;5;8;4;1;0
122582;24;19;35;8;5;1;1
122583;25;7;35;8;6;1;1
122586;3;6;34;8;5;1;0
122587;12;19;47;8;7;1;0
122588;13;20;30;2;1;1;1
122589;11;17;41;8;6;1;0
122590;13;20;4;8;1;1;0
122591;13;9;25;8;1;1;0
122592;15;18;15;2;3;1;0
122593;12;5;39;2;7;1;0
122594;16;15;30;8;4;1;0
122595;22;17;40;1;3;1;0
122597;23;17;45;2;4;1;0
122598;25;16;46;2;6;1;0
122599;26;17;30;1;7;3;0
122600;27;12;15;8;1;1;0
122601;27;20;30;8;1;1;0
122602;27;22;20;2;1;1;0
122603;28;20;51;8;2;1;0
122604;10;21;0;8;5;1;0
122605;15;7;35;1;3;1;0
122606;26;18;32;2;7;1;1
122607;27;19;48;2;1;1;0
122608;28;16;57;8;2;1;1
122609;29;1;52;8;3;1;1
122610;29;7;20;2;3;1;0
122611;17;11;14;2;5;1;0
122612;30;0;45;2;4;5;1
122613;24;19;58;8;5;1;0
122614;28;22;55;2;2;1;0
122615;29;19;33;2;3;1;0
122616;31;18;9;8;5;1;0
122617;31;12;2;8;5;1;0
122618;23;23;25;8;4;1;0
122619;27;7;14;2;1;1;0
122620;8;13;46;8;3;1;0
122621;17;6;50;2;5;1;0
122622;18;20;55;8;6;1;0
122623;24;12;30;2;5;1;0
122624;27;0;27;8;1;1;1
122625;28;1;28;2;2;1;0
122626;30;5;36;2;4;1;0
122627;30;13;29;8;4;1;0
122628;31;11;40;1;5;1;0
122629;31;21;18;8;5;1;0
122630;31;19;0;2;5;1;0
122631;24;22;40;1;5;1;1
122640;3;20;28;8;5;1;0
122641;5;21;14;8;7;1;0
122642;8;21;28;8;3;1;0
122643;9;6;20;2;4;1;0
122644;9;4;39;2;4;1;0
122645;9;12;0;8;4;1;0
122646;10;17;35;8;5;1;0
122647;12;0;53;2;7;1;0
122648;14;16;11;2;2;1;0
122649;16;19;49;2;4;1;0
122650;16;23;16;2;4;1;0
122651;17;23;55;2;5;1;0
122652;19;15;37;8;7;1;0
122653;20;20;30;2;1;2;1
122654;22;6;36;2;3;1;0
122655;22;20;35;2;3;1;0
122658;25;14;46;2;6;1;1
122659;26;20;52;8;7;1;0
122660;27;19;6;2;1;1;2
122661;27;17;40;8;1;1;0
122662;27;4;45;8;1;1;0
122663;28;17;49;8;2;1;0
122664;29;4;56;2;3;1;0
122665;29;13;27;8;3;1;0
122666;31;20;45;2;5;1;0
122668;23;23;10;8;4;4;1
122675;8;17;45;2;3;1;0
122683;9;16;12;8;4;1;0
122684;11;0;25;8;6;1;0
122685;14;18;46;2;2;1;0
122686;15;18;32;2;3;1;0
122687;16;18;12;2;4;1;0
122688;17;6;38;8;5;1;0
122689;17;15;59;8;5;1;0
122690;18;19;20;8;6;1;0
122691;18;21;20;8;6;1;0
122692;18;18;32;8;6;1;0
122693;19;2;19;8;7;1;0
122694;19;1;15;1;7;1;1
122695;19;15;51;8;7;1;0
122696;19;10;15;8;7;1;0
122697;20;14;10;8;1;1;0
122698;21;21;20;2;2;1;1
122699;21;10;35;8;2;1;0
122700;24;18;10;8;5;1;0
122701;25;16;5;8;6;1;0
122702;25;2;40;2;6;1;1
122703;29;16;9;1;3;1;1
122704;29;20;45;8;3;1;1
122705;30;20;28;8;4;1;1
122706;31;19;25;8;5;1;0
122707;31;19;55;8;5;1;2
122708;31;9;15;8;5;1;0
122709;19;23;37;2;7;1;0
122717;28;23;40;2;2;1;0
122720;14;22;17;8;2;1;0
122721;21;15;30;2;2;1;0
122722;3;20;49;8;5;1;0
122723;24;3;52;8;5;1;0
122726;23;18;34;8;4;1;1
122729;12;1;42;2;7;1;0
122747;1;15;55;8;3;1;0
122748;5;20;24;8;7;1;0
122749;6;18;32;8;1;1;0
122755;26;9;41;2;7;1;0
122768;17;2;42;8;5;1;0
122769;17;6;38;8;5;1;0
122770;8;6;18;2;3;1;0
122771;12;23;19;8;7;1;0
122773;31;14;25;1;5;1;0
122775;14;13;16;2;2;1;0
122776;23;23;58;8;4;1;0
122777;13;8;12;2;1;1;0
122779;31;20;54;8;5;1;0
122780;30;15;57;2;4;1;0
122781;24;19;51;2;5;1;0
122782;6;23;36;2;1;1;0
122783;9;17;11;8;4;1;0
122784;30;21;10;8;4;1;1
122785;9;23;40;2;4;1;0
122795;24;16;17;8;5;1;0
122796;20;21;25;8;1;1;0
122797;29;19;29;8;3;1;0
122798;31;20;30;2;5;1;0
122800;21;21;5;8;2;1;1
122804;19;21;15;8;7;1;0
122805;19;4;0;8;7;2;0
122806;2;11;6;8;4;1;0
131198;1;23;13;2;3;1;1
131199;1;7;47;2;3;1;0
131200;1;14;38;1;3;1;0
131201;2;12;22;1;4;1;0
131202;2;22;2;2;4;1;0
131203;2;7;24;2;4;1;0
131204;3;8;48;2;5;1;0
131205;3;17;50;2;5;1;0
131206;3;18;59;2;5;2;0
131207;3;15;42;1;5;1;0
131208;4;14;12;2;6;1;0
131209;4;9;35;1;6;2;0
131211;4;9;7;1;6;1;0
131212;5;21;6;2;7;1;0
131213;5;9;39;1;7;1;0
131214;5;11;19;2;7;1;0
131215;5;6;30;2;7;1;0
131216;5;9;2;1;7;1;0
131217;5;1;3;2;7;1;0
131218;5;23;25;2;7;1;1
131219;5;9;31;2;7;1;0
131220;5;14;41;2;7;1;0
131221;6;16;42;2;1;1;0
131222;6;19;35;2;1;1;0
131223;6;2;41;2;1;1;0
131224;6;18;10;1;1;1;1
131225;7;0;54;2;2;1;1
131226;7;16;33;2;2;1;0
131227;7;5;10;1;2;1;0
131228;8;6;32;1;3;1;0
131229;8;10;38;1;3;1;0
131230;9;9;2;1;4;2;0
131231;9;17;27;2;4;1;0
131232;10;17;25;2;5;1;0
131233;10;13;46;2;5;1;0
131234;10;14;26;1;5;1;0
131235;11;23;24;2;6;1;1
131236;11;11;39;2;6;1;0
131237;11;22;43;2;6;1;0
131238;11;23;40;2;6;1;1
131239;11;13;45;1;6;1;0
131240;11;16;27;1;6;1;0
131241;11;12;42;1;6;1;0
131242;11;12;45;2;6;1;0
131243;12;10;3;1;7;1;0
131244;12;23;27;1;7;1;1
131245;12;10;50;2;7;1;1
131246;12;12;53;2;7;1;0
131247;12;18;4;1;7;1;0
131248;12;21;54;1;7;1;0
131249;13;19;25;2;1;2;1
131250;13;22;33;2;1;1;0
131251;13;1;12;2;1;1;1
131252;13;18;11;2;1;1;0
131253;13;16;51;2;1;1;0
131254;13;5;30;2;1;1;0
131255;14;19;30;1;2;1;0
131256;15;0;25;2;3;1;1
131257;15;8;22;1;3;1;0
131258;16;18;21;1;4;1;0
131259;16;22;56;2;4;1;0
131260;19;15;5;2;7;1;0
131261;20;4;25;2;1;1;1
131268;16;23;5;2;4;1;0
131269;16;5;41;2;4;1;0
131270;16;8;36;2;4;1;0
131271;17;18;3;2;5;1;0
131272;17;16;14;1;5;1;0
131273;18;5;55;2;6;1;0
131274;18;6;23;1;6;1;0
131275;18;12;12;2;6;1;0
131276;19;22;52;2;7;1;0
131277;19;20;30;2;7;1;0
131278;19;22;35;1;7;1;1
131279;19;18;0;1;7;1;0
131280;19;11;46;1;7;1;0
131281;19;20;25;2;7;1;0
131282;19;16;19;2;7;1;0
131283;19;23;49;1;7;2;1
131284;19;19;29;2;7;1;0
131285;20;19;41;1;1;1;0
131286;20;19;45;2;1;1;1
131287;20;14;9;2;1;1;1
131288;21;20;11;1;2;1;0
131289;21;19;44;1;2;1;0
131290;21;17;11;1;2;1;1
131291;21;23;22;1;2;1;0
131292;21;4;14;1;2;1;0
131293;22;1;10;2;3;1;0
131294;22;19;21;2;3;1;0
131295;22;13;47;2;3;1;0
131296;22;19;30;1;3;1;0
131297;22;8;21;1;3;1;0
131298;22;20;8;2;3;1;0
131299;23;18;45;1;4;1;0
131300;23;20;40;1;4;1;0
131301;23;5;31;1;4;1;0
131302;23;12;5;1;4;2;0
131303;23;14;25;2;4;1;0
131304;24;19;2;2;5;1;0
131305;24;12;19;2;5;2;0
131306;24;16;10;1;5;1;0
131307;25;0;5;2;6;1;0
131308;25;21;32;1;6;1;0
131309;25;18;45;2;6;1;1
131310;25;22;10;1;6;1;0
131311;25;21;35;2;6;1;1
131312;25;18;10;1;6;1;0
131313;26;20;55;2;7;1;0
131314;26;17;0;1;7;1;1
131315;27;0;55;2;1;1;0
131316;27;22;0;1;1;1;0
131317;27;19;22;1;1;1;1
131318;27;2;36;2;1;1;0
131319;28;1;44;2;2;1;0
131320;28;6;42;2;2;1;0
131321;28;21;37;2;2;1;0
131322;28;19;8;1;2;1;0
131323;28;19;55;1;2;1;1
131324;29;11;56;2;3;1;0
131325;30;8;0;1;4;2;0
131326;30;12;36;1;4;1;0
131327;30;17;39;1;4;1;0
131328;31;15;0;1;5;1;1
131329;31;23;1;2;5;1;0
131330;12;22;5;2;7;1;0
131334;1;14;38;2;3;1;0
131335;24;21;11;1;5;1;0
150080;4;22;45;2;6;1;0
150081;6;18;11;2;1;1;1
150082;4;1;51;2;6;2;1
150083;17;19;1;2;5;1;0
150084;27;0;13;2;1;1;1
150087;29;13;46;2;3;2;0
160171;1;23;5;1;3;2;1
160172;5;4;21;2;7;1;0
160173;8;17;30;1;3;1;0
160174;10;19;30;8;5;1;1
160176;11;1;53;8;6;1;0
160180;14;21;14;1;2;1;0
160181;2;18;33;8;4;1;0
160182;28;15;4;8;2;1;0
160183;16;14;35;8;4;1;0
160184;20;15;52;1;1;1;0
160185;20;22;2;1;1;1;0
160186;23;7;54;1;4;1;0
160187;30;9;37;2;4;1;0
170795;5;8;12;1;7;1;0
170796;6;2;30;2;1;1;1
170799;1;17;0;1;3;1;0
170801;9;5;26;2;4;1;0
170802;1;13;8;2;3;1;0
170803;1;16;24;1;3;1;1
170804;12;7;18;1;7;1;1
170806;12;16;39;2;7;1;0
170837;2;8;36;1;4;1;0
170838;3;1;40;2;5;1;0
170839;3;17;2;1;5;1;1
170840;5;23;18;1;7;1;0
170841;5;20;25;1;7;2;0
170842;4;1;26;2;6;1;2
170843;1;23;20;2;3;2;1
170844;8;13;12;2;3;1;0
170845;6;23;20;2;1;1;0
170853;5;13;51;1;7;1;1
170854;5;2;39;1;7;1;1
170855;4;9;45;2;6;1;0
170856;6;22;21;1;1;1;0
170857;7;11;26;1;2;1;0
170858;7;17;48;2;2;1;0
170859;8;11;27;2;3;1;0
170860;9;15;33;2;4;1;0
170861;11;17;55;1;6;1;0
170862;13;21;20;2;1;1;0
170863;5;8;15;1;7;1;0
170864;9;3;37;2;4;1;1
170865;14;19;57;1;2;2;0
170866;14;16;40;1;2;2;0
170867;14;16;29;2;2;1;0
170868;16;3;7;1;4;1;1
170869;17;6;10;1;5;2;0
170870;17;11;8;2;5;1;0
170871;18;11;19;2;6;1;0
170872;20;1;52;1;1;2;1
170873;20;17;7;1;1;1;1
170874;13;13;51;2;1;1;0
170877;22;20;57;1;3;1;1
170878;22;7;15;1;3;1;1
170880;25;16;0;1;6;1;0
170881;22;15;25;2;3;1;0
170882;24;21;50;2;5;1;1
170883;26;6;10;2;7;1;0
170884;28;6;40;2;2;1;0
170885;28;7;36;2;2;1;1
170886;31;15;0;1;5;1;0
170887;19;2;29;1;7;1;0
170888;22;13;27;1;3;1;0
170889;9;14;39;2;4;1;0
170901;3;22;29;2;5;1;0
170913;6;4;30;2;1;2;1
170914;4;22;13;2;6;1;1
170919;4;20;20;2;6;1;0
170922;5;1;13;1;7;1;1
170923;5;4;5;2;7;1;0
170924;12;12;50;2;7;1;0
170925;4;8;40;2;6;1;0
170926;12;17;18;2;7;1;0
170927;5;3;5;2;7;1;1
170928;14;9;56;1;2;1;0
170929;14;23;30;1;2;1;1
170932;4;23;42;1;6;1;0
170933;15;13;24;1;3;1;0
170934;20;1;16;2;1;1;0
170935;26;1;53;1;7;1;1
170936;26;19;20;2;7;1;1
170937;28;13;7;2;2;2;0
170938;28;12;46;2;2;1;0
170939;29;7;58;1;3;1;0
170940;20;16;49;1;1;1;1
170941;27;23;5;1;1;2;1
170942;29;13;34;1;3;1;0
170943;30;4;41;2;4;2;1
170944;18;5;46;2;6;1;0
170945;1;14;20;2;3;1;0
170946;29;0;15;1;3;2;0
170947;25;22;50;2;6;1;1
170948;8;15;21;2;3;1;0
170949;31;23;36;2;5;1;1
170950;7;3;20;2;2;1;0
170964;28;19;0;2;2;1;0
170965;18;4;17;1;6;1;1
170966;21;4;32;2;2;1;0
170971;7;7;37;1;2;1;0
170972;26;19;36;1;7;5;0
170973;17;17;52;2;5;1;1
170974;31;0;39;2;5;1;0
180716;1;22;18;2;3;1;0
180717;3;8;16;1;5;1;0
180718;3;22;28;2;5;1;0
180719;3;18;44;2;5;1;0
180722;2;22;30;1;4;1;1
180723;6;4;22;2;1;2;0
180724;6;0;4;1;1;1;0
180728;5;19;59;2;7;1;1
180730;3;11;57;1;5;1;0
180731;8;18;15;1;3;1;1
180732;10;15;39;1;5;1;0
180733;12;15;9;1;7;1;0
180734;12;7;20;1;7;1;1
180736;11;22;45;2;6;1;0
180737;11;8;38;2;6;1;0
180738;11;8;32;2;6;1;0
180742;10;0;26;2;5;1;1
180743;15;18;8;1;3;1;0
180746;13;16;4;1;1;1;0
180747;14;21;22;1;2;1;0
180748;14;7;47;1;2;1;0
180749;18;20;42;1;6;1;0
180750;18;21;21;2;6;1;0
180751;17;3;40;1;5;1;0
180752;19;22;59;2;7;1;0
180754;22;5;30;1;3;1;0
180757;23;18;30;1;4;1;0
180758;23;17;1;1;4;1;1
180759;23;14;41;1;4;1;0
180760;24;20;24;1;5;1;0
180761;24;6;57;2;5;1;0
180762;25;1;16;2;6;1;0
180763;20;19;30;1;1;1;0
180765;28;12;39;1;2;1;0
180766;29;17;21;2;3;1;0
180767;6;18;9;2;1;1;0
180768;25;0;36;2;6;1;1
180769;24;11;20;2;5;1;0
180770;30;14;38;2;4;1;0
180771;2;14;31;1;4;1;1
180773;23;22;6;2;4;1;1
180774;24;13;0;1;5;1;0
180775;23;23;46;2;4;3;0
180776;19;19;4;2;7;1;0
180778;31;10;52;1;5;1;0
180779;13;2;37;2;1;2;1
180780;19;15;21;2;7;1;0
180782;30;18;54;1;4;4;1
180783;3;5;31;1;5;1;0
180784;25;1;30;2;6;2;0
180785;22;18;19;1;3;1;0
180787;9;13;30;2;4;1;0
180789;27;18;8;2;1;1;0
190256;2;5;32;1;4;1;0
190257;4;12;42;2;6;1;0
190258;5;2;2;1;7;1;1
190261;5;11;0;1;7;2;0
190263;6;12;53;1;1;1;0
190264;10;6;49;1;5;1;0
190265;10;16;18;1;5;1;0
190266;11;17;20;2;6;1;0
190267;14;7;4;2;2;1;0
190269;15;7;11;1;3;1;0
190270;15;11;21;1;3;1;0
190272;15;17;23;2;3;1;0
190273;18;4;0;1;6;1;1
190274;19;3;18;1;7;1;1
190275;19;22;43;1;7;1;0
190276;22;16;8;1;3;1;0
190277;22;17;36;1;3;1;1
190279;23;13;0;1;4;2;0
190280;25;10;51;1;6;1;0
190281;26;18;47;1;7;1;0
190282;29;11;41;1;3;1;0
190283;31;13;38;1;5;1;0
200309;1;10;12;1;3;1;0
200310;1;20;32;1;3;1;0
200311;3;7;25;1;5;1;1
200312;3;16;22;1;5;1;0
200313;5;2;33;2;7;1;0
200314;6;23;30;2;1;1;0
200315;9;16;4;1;4;1;0
200316;10;8;41;1;5;1;0
200317;11;8;25;1;6;1;0
200318;11;16;42;1;6;1;0
200319;13;16;16;1;1;1;0
200320;13;17;27;1;1;1;1
200321;15;8;5;1;3;1;0
200322;17;7;0;1;5;2;0
200323;20;22;35;1;1;1;0
200324;21;15;50;1;2;1;0
200325;22;1;29;1;3;1;1
200326;22;14;25;1;3;1;0
200327;23;18;2;1;4;3;0
200328;23;15;55;2;4;1;1
200329;26;16;35;1;7;1;0
200330;31;22;30;1;5;1;0
200332;23;12;5;1;4;1;0
210627;2;5;16;1;4;1;1
210628;2;10;58;1;4;2;0
210629;4;16;44;1;6;1;1
210630;6;3;44;2;1;1;1
210631;6;4;29;1;1;1;1
210632;8;17;15;2;3;1;0
210633;1;17;0;1;3;1;0
210634;10;21;28;1;5;1;1
210635;10;22;17;1;5;1;0
210636;11;8;25;2;6;1;1
210637;11;19;13;1;6;1;0
210638;12;0;19;1;7;1;1
210639;12;17;18;1;7;1;0
210640;13;2;18;2;1;1;1
210641;13;3;0;2;1;1;1
210642;13;14;7;1;1;1;0
210643;14;11;54;1;2;2;0
210644;15;13;0;1;3;1;0
210645;13;13;22;1;1;2;0
210646;17;19;50;2;5;1;0
210647;4;13;44;1;6;1;0
210648;18;1;44;2;6;1;1
210649;18;17;17;1;6;4;1
210650;20;7;12;1;1;3;1
210651;21;20;36;1;2;1;0
210652;12;6;18;1;7;1;1
210653;17;3;15;1;5;1;0
210654;22;9;5;1;3;1;0
210655;22;20;45;1;3;1;1
210656;23;0;25;1;4;1;1
210657;23;17;9;2;4;1;0
210658;23;18;0;1;4;1;0
210659;23;22;28;2;4;1;0
210660;24;6;6;2;5;1;0
210661;24;9;56;1;5;1;0
210662;24;17;45;1;5;4;0
210663;25;11;49;1;6;1;0
210664;26;20;14;1;7;1;1
210665;18;23;5;2;6;1;1
210666;22;9;50;1;3;1;0
210667;28;17;50;2;2;1;0
210668;15;15;0;1;3;1;0
210669;23;17;55;1;4;1;0
210670;30;7;26;1;4;1;0
210671;10;18;59;2;5;1;0
210672;31;6;10;1;5;1;0
210673;31;19;42;1;5;1;0
210674;29;18;33;2;3;1;0
210675;24;17;18;1;5;1;0
210676;26;16;14;1;7;1;1
210677;5;22;56;1;7;1;1
210678;19;3;25;2;7;2;1
210679;31;21;59;2;5;2;1
210680;15;7;12;2;3;1;0
210684;31;8;6;1;5;1;1
210686;22;10;0;1;3;1;0
210688;4;13;29;1;6;1;0
210689;5;20;10;1;7;1;1
210690;24;13;26;1;5;1;0
210694;4;10;5;2;6;1;0
220614;1;7;15;1;3;1;0
220615;2;21;15;2;4;1;0
220616;3;18;24;1;5;1;0
220617;5;23;0;2;7;1;0
220618;6;18;50;1;1;1;0
220619;9;17;40;2;4;1;0
220620;9;23;20;2;4;1;1
220621;12;99;99;2;7;1;0
220622;12;19;11;2;7;1;1
220623;17;4;30;1;5;1;0
220624;17;15;57;1;5;1;0
220625;17;18;23;2;5;1;0
220626;20;19;29;1;1;1;1
220627;22;17;45;1;3;5;0
220628;24;23;4;1;5;1;0
220629;24;22;5;1;5;1;0
220630;25;16;30;1;6;1;0
220631;27;18;40;1;1;1;0
220632;28;23;50;1;2;1;1
220633;29;19;33;2;3;1;0
220634;31;6;30;1;5;1;0
220635;11;9;19;1;6;1;0
220638;22;99;99;1;3;1;1
220640;8;17;48;1;3;1;0
220641;25;21;57;2;6;1;1
220643;26;6;17;1;7;1;0
220644;30;2;56;2;4;1;0
220645;12;22;40;1;7;3;1
220646;13;7;0;1;1;1;0
220648;15;1;9;1;3;1;0
220649;16;16;0;1;4;1;0
220650;17;1;16;1;5;1;1
220651;13;21;48;2;1;1;0
220652;8;19;24;2;3;1;1
220653;16;17;12;2;4;1;0
220654;18;21;46;2;6;1;2
220655;21;5;35;2;2;1;1
220656;22;23;15;2;3;1;0
220657;23;19;2;2;4;1;0
220658;25;18;45;1;6;1;1
220659;26;5;45;2;7;1;1
220660;21;12;53;6;2;1;0
220664;5;99;99;1;7;1;1
220665;1;15;45;1;3;1;0
220666;31;19;3;1;5;1;0
220667;22;23;9;2;3;1;0
220668;4;17;36;2;6;1;0
220672;18;18;11;2;6;1;0
220673;15;4;45;2;3;1;0
220678;3;12;45;2;5;1;0
220679;4;18;41;1;6;1;0
220683;10;17;99;2;5;1;0
220686;22;22;0;2;3;1;0
230115;7;6;24;2;2;1;1
230119;6;13;32;1;1;1;1
230135;5;23;43;1;7;2;0
230136;6;15;37;1;1;1;2
230137;6;17;21;1;1;1;0
230138;7;10;47;1;2;1;0
230139;9;14;54;1;4;1;0
230140;19;6;55;2;7;1;0
230141;20;22;5;1;1;1;1
230143;13;12;45;2;1;1;0
230144;17;17;21;2;5;1;0
230145;22;18;12;1;3;1;0
230146;25;4;10;1;6;1;1
230147;29;17;30;1;3;1;0
230148;25;14;35;2;6;1;0
240344;2;3;49;8;4;1;0
240404;2;20;51;2;4;1;0
240414;3;14;20;8;5;1;0
240416;5;19;51;8;7;2;1
240417;7;21;48;8;2;1;1
240418;9;17;6;8;4;1;0
240419;3;6;48;8;5;1;0
240420;8;4;52;2;3;1;1
240421;11;6;28;2;6;2;0
240422;11;15;27;2;6;1;0
240423;12;1;27;8;7;1;1
240424;14;8;31;8;2;1;0
240425;17;6;53;8;5;1;0
240426;17;22;28;8;5;1;1
240427;17;22;32;8;5;1;1
240428;17;7;22;8;5;1;0
240429;19;13;42;8;7;1;0
240430;17;9;45;8;5;1;0
240431;20;16;7;8;1;1;0
240432;22;17;9;8;3;1;0
240433;13;1;42;6;1;1;1
240434;12;14;38;2;7;1;1
240435;23;21;42;2;4;1;0
240436;25;3;36;2;6;1;0
240437;25;20;24;2;6;1;0
240438;26;19;57;1;7;1;1
240439;26;19;6;2;7;1;0
240440;27;19;36;9;1;1;1
240441;22;18;25;1;3;1;0
240442;12;18;54;2;7;1;0
240443;27;4;37;9;1;1;0
240444;11;13;45;2;6;2;0
240445;12;15;45;2;7;1;0
240446;27;8;20;8;1;1;0
240447;3;21;47;8;5;1;1
240448;14;18;33;2;2;1;0
240449;18;19;28;2;6;1;0
240450;26;15;54;2;7;1;0
240451;23;12;32;2;4;1;0
240452;31;18;31;2;5;1;1
240453;31;17;11;1;5;1;0
240454;3;16;45;2;5;1;0
240455;27;13;11;2;1;1;0
240457;27;18;11;2;1;1;0
240458;27;17;45;2;1;1;1
240459;18;9;3;2;6;1;0
240460;24;12;13;2;5;1;0
240463;10;2;46;2;5;1;0
240464;18;18;2;2;6;1;0
240466;23;13;15;2;4;1;0
250190;2;9;49;2;4;1;0
250201;6;99;99;2;1;1;0
250204;6;23;0;2;1;1;0
250205;6;20;48;2;1;1;0
250206;10;16;50;2;5;1;0
250207;10;19;56;2;5;1;1
250208;16;6;45;2;4;1;0
250209;11;18;5;2;6;1;0
250210;24;18;31;2;5;1;1
250214;23;17;3;2;4;1;0
250215;12;15;56;2;7;1;0
250216;30;17;6;2;4;1;0
250218;31;12;52;2;5;1;0
250257;3;99;99;2;5;1;0
250271;11;6;15;2;6;1;0
250278;4;16;14;2;6;1;1
250281;7;17;17;2;2;1;0
250282;11;20;36;2;6;1;0
250283;23;99;99;2;4;1;0
250284;31;17;0;2;5;1;0
250288;27;19;20;2;1;1;0
260804;2;8;10;1;4;1;0
260805;2;17;48;1;4;1;0
260806;3;20;26;1;5;1;0
260808;3;18;19;1;5;1;0
260809;2;21;13;1;4;1;0
260810;4;3;20;2;6;1;1
260812;5;22;31;1;7;1;1
260814;4;10;30;2;6;1;0
260816;6;3;37;1;1;1;0
260817;1;8;43;2;3;1;0
260818;5;21;20;2;7;1;0
260819;8;4;58;1;3;1;0
260820;9;3;11;2;4;1;0
260821;10;14;42;1;5;2;1
260823;11;21;3;1;6;1;1
260824;8;14;34;1;3;1;0
260826;14;19;9;2;2;1;0
260827;8;19;1;2;3;1;0
260829;10;2;5;1;5;1;0
260830;6;22;32;2;1;1;0
260831;13;14;10;1;1;1;0
260832;16;18;30;1;4;1;0
260833;16;3;17;2;4;1;1
260834;16;18;25;2;4;1;0
260835;17;1;17;2;5;1;1
260836;17;15;29;1;5;1;0
260837;5;3;45;2;7;1;1
260839;12;9;40;1;7;1;0
260840;17;14;48;1;5;1;0
260841;17;15;6;1;5;2;0
260842;18;7;11;1;6;1;0
260843;18;16;2;2;6;1;0
260844;18;16;31;1;6;1;0
260845;18;17;11;2;6;1;0
260846;18;0;21;1;6;1;1
260847;20;3;10;2;1;1;0
260848;4;19;28;1;6;1;0
260849;19;8;7;2;7;1;0
260850;14;16;45;1;2;2;0
260851;21;17;35;1;2;1;0
260856;22;1;0;2;3;1;0
260857;23;22;0;1;4;1;1
260858;23;0;59;1;4;1;0
260859;19;18;31;1;7;1;0
260861;12;15;48;1;7;2;0
260862;26;4;40;1;7;2;0
260863;23;22;9;2;4;1;0
260864;26;16;45;2;7;1;0
260865;24;99;99;1;5;1;1
260866;29;9;59;1;3;1;0
260867;16;8;8;2;4;1;0
260868;29;17;48;1;3;1;0
260869;21;6;50;2;2;1;0
260870;25;22;34;1;6;1;1
260871;29;16;52;1;3;1;0
260872;23;18;14;2;4;1;0
260873;29;17;45;2;3;1;0
260874;14;16;26;2;2;1;0
260875;21;0;23;2;2;1;0
260876;30;17;28;1;4;1;0
260877;11;11;6;1;6;1;0
260878;30;19;7;1;4;1;0
260882;18;16;37;1;6;1;1
260883;14;17;31;1;2;1;0
260884;5;22;58;1;7;1;0
260885;14;8;29;2;2;1;0
260896;21;17;36;1;2;1;0
260907;11;17;32;1;6;1;0
260908;27;17;51;1;1;1;0
260909;3;6;57;1;5;1;0
260910;24;18;3;1;5;1;0
270338;1;10;19;1;3;1;0
270341;2;2;49;1;4;1;0
270343;2;6;56;1;4;1;0
270344;2;15;36;1;4;1;0
270345;4;14;58;1;6;2;0
270353;7;10;43;2;2;1;0
270354;7;13;53;1;2;1;0
270355;8;15;40;1;3;1;0
270356;10;18;27;2;5;1;0
270357;15;5;22;1;3;1;0
270358;15;7;23;1;3;1;0
270359;15;12;4;1;3;1;0
270360;15;19;20;2;3;1;0
270361;16;11;4;1;4;1;0
270362;16;18;30;2;4;1;0
270363;18;16;59;1;6;1;0
270364;18;23;21;2;6;1;1
270365;19;16;17;2;7;1;0
270366;21;5;5;1;2;1;1
270367;21;5;11;1;2;1;1
270368;21;6;31;1;2;1;0
270369;21;7;28;1;2;1;0
270370;22;5;39;1;3;1;0
270371;23;14;30;1;4;1;0
270372;23;0;7;1;4;1;1
270373;23;15;49;1;4;1;0
270374;24;14;26;2;5;1;1
270375;26;15;5;1;7;4;0
270376;28;12;3;2;2;1;0
270377;30;19;33;1;4;1;0
270378;31;21;25;2;5;1;0
270382;1;5;9;2;3;1;0
280524;5;8;0;1;7;1;1
280530;1;20;30;2;3;1;0
280531;2;10;39;2;4;1;0
280532;6;9;37;1;1;1;0
280533;6;19;45;1;1;1;0
280534;7;13;27;1;2;1;0
280535;8;20;27;1;3;1;0
280536;8;22;2;1;3;1;0
280543;9;15;16;1;4;1;0
280544;10;0;33;1;5;1;1
280545;10;2;44;1;5;1;0
280546;10;7;3;1;5;2;0
280547;10;8;1;1;5;1;0
280548;10;17;3;1;5;1;0
280549;11;18;3;1;6;1;0
280550;2;6;42;1;4;1;0
280551;11;20;43;2;6;1;0
280552;13;4;18;1;1;1;0
280553;13;21;10;1;1;1;0
280554;14;11;14;1;2;1;0
280555;14;17;21;1;2;1;1
280556;17;14;16;1;5;2;0
280557;18;11;27;1;6;1;0
280558;19;11;27;1;7;1;0
280559;20;3;15;1;1;1;0
280560;20;13;10;1;1;1;0
280561;22;16;11;1;3;1;0
280562;23;22;55;1;4;1;0
280563;25;5;20;1;6;1;0
280564;25;18;42;1;6;1;0
280565;25;21;0;2;6;1;0
280566;26;18;34;1;7;2;0
280567;26;18;44;1;7;1;0
280568;27;1;37;2;1;2;1
280569;28;22;21;1;2;1;0
280570;29;16;41;1;3;1;1
280571;30;4;16;1;4;1;0
280572;30;10;0;1;4;2;0
280573;30;11;45;1;4;1;0
280574;31;18;18;1;5;1;1
280603;6;2;18;1;1;1;1
280604;21;16;55;1;2;1;0
280605;21;18;10;2;2;1;1
280606;22;15;36;1;3;1;0
290727;1;17;10;1;3;1;0
290729;2;0;30;1;4;1;0
290730;3;16;55;1;5;1;0
290731;3;19;31;2;5;1;1
290732;4;11;42;1;6;1;0
290734;5;12;45;1;7;1;0
290735;5;17;20;1;7;3;0
290736;6;17;0;1;1;1;1
290737;7;20;21;2;2;1;0
290738;7;21;5;1;2;1;0
290739;9;6;30;1;4;1;0
290740;9;15;48;2;4;1;0
290741;9;19;15;2;4;1;0
290742;9;20;32;2;4;1;0
290743;12;10;20;1;7;1;0
290744;12;12;25;1;7;1;0
290753;3;15;42;6;5;1;0
290754;14;7;10;2;2;1;1
290757;14;16;45;1;2;1;0
290759;6;8;30;1;1;1;0
290760;7;18;48;2;2;1;0
290761;13;6;17;1;1;1;0
290762;2;18;0;2;4;1;0
290764;13;17;46;1;1;3;0
290765;14;17;25;1;2;1;0
290766;15;11;14;2;3;1;0
290767;16;15;40;2;4;1;0
290768;19;1;35;1;7;2;2
290769;20;14;30;1;1;1;1
290770;20;20;45;1;1;1;0
290771;21;21;35;2;2;1;0
290772;23;11;5;1;4;1;0
290773;25;4;58;2;6;2;1
290774;22;12;0;1;3;1;0
290775;23;23;0;1;4;1;0
290776;28;9;5;1;2;2;0
290777;30;16;15;2;4;1;1
290778;28;9;15;1;2;1;0
290790;4;18;21;2;6;1;0
290791;5;0;6;2;7;1;1
290792;6;3;50;2;1;2;1
290793;9;11;27;2;4;1;0
290796;19;3;32;2;7;1;0
290799;12;1;19;1;7;1;1
290800;14;13;55;2;2;1;0
290801;19;22;59;2;7;1;0
290802;25;2;33;2;6;1;1
290805;2;18;40;2;4;1;0
290806;10;22;55;2;5;1;1
290807;12;2;42;2;7;1;1
290808;12;3;56;2;7;2;0
290809;23;19;50;2;4;1;0
290811;13;2;52;2;1;1;1
290812;9;15;19;1;4;1;0
290816;4;0;13;2;6;1;1
290817;27;1;46;2;1;1;0
290818;14;20;5;1;2;1;0
290819;5;23;58;2;7;1;0
290820;18;21;7;2;6;1;1
290822;26;18;30;1;7;1;0
300190;5;23;55;1;7;1;1
300191;5;16;15;1;7;1;0
300192;10;17;3;1;5;2;0
300193;7;3;45;1;2;1;1
300194;11;20;32;1;6;1;0
300195;13;0;7;1;1;1;1
300196;12;22;0;1;7;1;1
300197;14;12;50;1;2;1;0
300198;14;13;25;1;2;1;0
300199;16;18;35;1;4;1;0
300200;18;12;33;2;6;1;0
300201;21;15;20;1;2;1;0
300202;28;11;45;2;2;1;0
300203;29;13;0;1;3;1;0
310198;3;15;49;1;5;1;0
310199;3;99;99;1;5;1;0
310200;10;20;25;1;5;2;1
310205;6;2;30;1;1;2;0
310206;10;18;2;2;5;1;0
310207;13;14;50;1;1;2;0
310208;14;20;0;1;2;1;0
310210;20;99;99;1;1;1;1
310211;23;21;19;2;4;1;0
310212;23;16;30;1;4;1;0
310213;27;99;99;1;1;2;1
310214;29;99;99;1;3;2;0
310215;29;3;20;1;3;1;1
310217;24;7;26;1;5;2;0
310218;30;7;14;1;4;1;0
310219;30;12;53;2;4;1;0
320228;8;15;46;2;3;1;0
320236;19;20;54;2;7;1;1
320237;8;1;23;2;3;1;1
320243;3;17;31;2;5;1;0
320244;14;7;10;1;2;1;1
320248;11;19;27;1;6;1;0
320249;17;9;10;2;5;1;0
320250;8;20;3;2;3;1;1
320254;14;16;56;1;2;1;0
320255;17;0;11;1;5;1;0
320256;31;22;8;2;5;2;1
320261;6;3;39;2;1;1;0
320262;14;13;0;2;2;1;0
320265;18;4;40;2;6;1;0
320271;28;5;0;2;2;1;1
320274;8;22;1;2;3;1;0
320275;11;19;38;2;6;1;0
320276;23;18;34;2;4;1;0
320277;27;16;5;2;1;1;1
320285;2;5;41;2;4;1;0
320286;3;17;43;2;5;1;0
320287;4;20;19;2;6;1;0
320288;11;23;32;2;6;1;0
320289;18;15;38;2;6;1;1
320290;21;6;11;2;2;1;1
320291;21;17;41;2;2;1;0
320292;21;22;43;2;2;1;0
320293;26;23;21;2;7;2;1
320294;29;18;43;2;3;1;0
330089;2;9;46;2;4;1;0
330091;3;6;39;2;5;1;0
330092;7;14;30;1;2;1;0
330093;12;15;3;2;7;1;0
330094;12;21;59;2;7;1;0
330095;3;14;32;2;5;1;0
330096;5;16;26;1;7;2;0
330097;20;19;15;2;1;1;0
330098;3;9;43;2;5;1;0
330099;23;8;0;1;4;1;0
330100;24;17;39;1;5;1;0
330101;29;19;3;1;3;1;0
330102;30;11;36;2;4;1;0
330103;30;13;38;1;4;1;0
340389;22;6;38;2;3;1;0
340390;27;13;36;2;1;1;0
340391;12;15;27;6;7;1;0
340392;1;17;0;1;3;2;1
340393;20;2;30;2;1;1;0
340394;14;17;0;2;2;1;0
340395;9;17;33;2;4;1;0
340396;23;15;46;2;4;1;0
340398;25;18;47;2;6;1;0
340399;28;19;52;6;2;1;0
340400;26;5;58;6;7;2;1
340401;14;13;49;2;2;1;0
340402;12;20;59;2;7;1;0
340403;2;11;20;2;4;1;0
340413;3;22;24;2;5;2;1
340414;5;21;33;2;7;1;0
340415;26;19;34;6;7;1;0
340420;12;21;13;1;7;1;0
340421;17;10;46;1;5;1;0
340423;30;4;6;2;4;1;1
340424;5;19;4;2;7;1;0
340425;15;16;42;2;3;1;0
340467;31;17;46;2;5;1;0
340468;23;18;36;2;4;1;0
340474;8;23;29;2;3;1;0
340475;8;23;6;2;3;1;1
340480;29;1;52;2;3;1;1
340481;19;21;54;2;7;1;1
340490;14;19;9;2;2;1;0
340495;9;1;10;2;4;1;0
340496;24;8;22;2;5;1;0
340497;19;0;9;2;7;1;0
340498;26;18;38;2;7;1;0
340505;24;19;16;2;5;1;0
340506;25;7;7;2;6;1;0
340507;24;4;14;1;5;1;0
340508;30;19;54;2;4;1;0
340509;23;12;19;2;4;1;0
340510;19;21;30;2;7;1;0
340511;17;18;32;6;5;1;0
340512;13;16;16;2;1;1;1
340513;11;20;2;2;6;1;0
340514;28;15;0;2;2;1;0
340515;27;19;12;2;1;1;1
340516;22;2;24;2;3;1;1
340517;27;18;55;2;1;1;0
340519;14;17;32;2;2;1;0
340521;31;17;55;2;5;1;0
340522;29;6;4;2;3;1;0
340523;12;2;2;2;7;2;0
340524;31;6;54;2;5;1;0
340525;29;3;20;2;3;1;1
340526;20;19;37;2;1;1;0
340527;24;19;59;2;5;1;0
340528;17;14;11;1;5;1;0
340529;5;6;14;2;7;1;0
340530;4;20;21;2;6;1;0
340531;17;15;56;2;5;1;0
340532;25;1;9;1;6;1;1
350243;3;8;13;1;5;1;0
350245;11;22;28;2;6;1;0
350246;19;14;25;1;7;2;0
350247;16;8;27;1;4;1;0
350249;21;7;31;1;2;1;0
350250;22;9;3;2;3;1;0
350251;13;21;52;2;1;2;0
350252;16;7;31;1;4;1;0
350253;10;20;13;1;5;1;0
350254;4;23;50;1;6;1;1
350255;2;16;1;2;4;1;0
350256;3;10;0;1;5;1;0
350257;14;15;5;1;2;1;1
350258;31;16;20;2;5;1;1
350259;24;9;40;2;5;1;0
350260;28;13;59;2;2;1;0
350261;17;15;23;2;5;2;0
350262;23;12;29;2;4;1;0
350263;24;5;18;1;5;1;0
350264;23;22;13;2;4;1;1
350265;23;11;39;1;4;1;0
350266;28;15;44;2;2;2;0
350267;31;18;58;2;5;1;0
350268;28;14;39;2;2;1;0
350271;26;16;47;2;7;2;0
350272;20;16;0;1;1;1;0
360890;1;18;14;2;3;1;0
360895;1;0;0;2;3;1;1
360896;3;21;5;1;5;1;0
360897;2;5;17;2;4;1;0
360898;2;6;4;2;4;1;0
360899;3;11;40;2;5;1;0
360900;3;23;17;2;5;1;1
360906;4;23;33;1;6;1;0
360907;5;6;20;1;7;1;0
360908;4;15;23;1;6;2;0
360911;5;14;13;1;7;1;0
360912;5;9;5;1;7;1;0
360913;6;2;57;1;1;1;1
360915;4;22;36;1;6;1;1
360916;6;22;31;2;1;1;1
360917;6;3;44;2;1;1;0
360918;6;17;25;2;1;1;0
360919;6;5;18;2;1;1;0
360920;7;6;37;2;2;1;0
360921;7;17;36;2;2;1;1
360922;7;19;33;1;2;1;0
360923;8;22;50;2;3;1;0
360924;7;20;31;2;2;1;0
360925;8;11;30;1;3;1;0
360926;6;15;52;2;1;1;1
360927;13;5;0;1;1;1;1
360928;6;18;22;2;1;1;0
360929;9;6;46;2;4;1;0
360930;10;17;54;1;5;1;0
360931;9;22;10;1;4;1;1
360932;9;8;30;1;4;1;0
360933;13;16;42;2;1;1;0
360934;10;9;34;1;5;1;0
360935;10;11;29;1;5;1;0
360936;13;5;50;2;1;1;1
360937;14;17;55;2;2;1;0
360939;8;16;14;2;3;1;0
360940;16;4;56;2;4;1;0
360941;15;9;21;2;3;1;0
360942;16;13;51;2;4;1;0
360944;18;22;12;1;6;1;0
360945;9;17;5;1;4;1;0
360946;18;19;59;2;6;1;0
360948;3;15;0;2;5;1;0
360965;10;14;35;1;5;1;0
360966;12;9;45;2;7;1;0
360967;11;17;42;2;6;1;0
360968;17;6;30;2;5;1;0
360969;17;5;6;1;5;1;0
360970;17;11;19;2;5;1;0
360971;18;3;38;2;6;1;1
360972;19;17;56;2;7;1;0
360973;22;6;31;2;3;1;0
360974;18;1;41;1;6;1;1
360975;22;20;4;1;3;1;1
360976;22;13;45;1;3;1;0
360977;23;18;28;1;4;1;0
360978;24;14;14;2;5;1;0
360979;24;16;34;2;5;1;0
360980;23;5;58;2;4;1;1
360981;25;3;59;2;6;1;0
360982;14;16;42;2;2;1;0
360987;16;21;55;2;4;1;0
360988;5;17;3;2;7;1;0
360989;29;1;32;1;3;1;0
360990;30;17;26;2;4;1;0
360992;29;1;34;2;3;1;0
360993;29;15;55;1;3;1;0
360995;5;2;58;2;7;1;0
360996;6;14;47;1;1;1;0
360997;6;21;20;2;1;1;0
360998;5;18;13;2;7;1;0
360999;20;15;41;2;1;1;0
361000;23;14;30;1;4;1;0
361001;15;18;23;2;3;1;0
361002;23;5;35;2;4;1;1
361003;31;22;45;2;5;1;0
361004;25;17;8;2;6;1;0
361005;31;17;20;2;5;1;0
361006;15;23;45;2;3;1;1
361007;28;18;58;2;2;1;0
361009;31;15;8;1;5;1;0
361011;21;22;56;1;2;1;0
361013;4;6;52;2;6;1;0
361014;29;16;0;2;3;1;0
361020;17;8;12;1;5;1;1
361021;20;19;0;2;1;1;0
361032;5;11;0;2;7;1;0
361034;17;7;19;1;5;2;0
361036;8;17;12;1;3;1;0
361043;2;11;47;2;4;1;0
361044;1;23;41;2;3;1;0
361045;18;14;20;2;6;1;0
371161;5;21;48;2;7;1;0
371162;13;21;1;1;1;1;1
371163;19;21;17;1;7;1;1
371164;25;21;6;1;6;1;1
371165;8;21;20;1;3;1;1
371166;10;17;4;1;5;1;0
371167;2;23;41;1;4;1;1
371168;4;11;58;1;6;1;0
371169;21;10;3;1;2;1;1
371170;4;2;0;1;6;1;1
371171;9;17;37;1;4;1;0
371172;20;5;55;1;1;1;0
371173;3;19;14;1;5;1;1
371174;4;10;51;1;6;1;0
371175;9;8;21;1;4;1;1
371176;4;6;45;1;6;1;0
371177;10;11;11;1;5;1;0
371178;4;6;58;1;6;1;0
371179;4;15;18;1;6;1;2
371180;17;10;31;2;5;2;1
371181;1;18;24;1;3;1;0
371182;3;9;56;1;5;1;0
371183;11;7;11;1;6;1;1
371184;19;17;0;1;7;2;2
371185;22;15;13;1;3;1;0
371186;2;0;23;1;4;1;1
371187;3;22;48;1;5;1;0
371188;2;21;31;1;4;1;1
371189;10;14;8;2;5;1;0
371190;26;19;13;1;7;1;0
371191;1;20;55;1;3;1;0
371192;11;7;40;2;6;1;0
371193;13;15;45;2;1;1;0
371194;2;9;40;2;4;1;0
371195;3;11;42;2;5;1;0
371196;16;13;17;1;4;1;0
371197;21;11;6;1;2;1;0
371198;17;10;59;1;5;1;0
371199;16;8;8;1;4;1;0
371200;16;15;52;1;4;1;0
371201;22;4;9;2;3;1;1
371202;23;10;41;2;4;1;0
371203;23;8;50;1;4;1;0
371204;28;9;32;2;2;2;0
371205;10;23;50;1;5;1;1
371206;11;12;29;1;6;1;0
371207;2;18;45;2;4;1;0
371208;7;13;55;2;2;1;1
371209;8;2;9;2;3;1;1
371210;16;9;38;2;4;1;0
371211;8;10;19;1;3;1;0
371212;19;18;39;1;7;1;0
371213;23;23;7;1;4;1;0
371214;22;15;52;2;3;1;0
371215;15;3;9;1;3;1;1
371216;4;11;52;1;6;1;0
371217;8;8;9;1;3;1;0
371218;13;11;45;2;1;1;1
371219;19;19;5;1;7;1;0
371220;24;20;24;1;5;1;0
371221;16;8;20;1;4;1;0
371222;25;22;55;1;6;1;0
371223;2;1;4;2;4;1;0
371224;5;3;54;2;7;1;1
371225;7;1;0;2;2;1;1
371226;10;14;35;2;5;1;0
371227;12;14;52;2;7;1;0
371228;21;6;11;2;2;1;0
371229;22;12;31;2;3;1;0
371230;23;3;38;2;4;1;0
371231;30;15;21;2;4;1;1
371232;3;6;45;1;5;1;0
371233;6;99;99;1;1;2;1
371234;12;19;31;1;7;1;1
371235;15;18;53;2;3;1;1
371236;18;13;12;1;6;1;0
371237;25;18;8;1;6;1;0
371238;6;13;13;1;1;1;0
371239;7;18;39;1;2;1;0
371240;4;20;48;1;6;1;1
371241;26;18;21;1;7;1;0
371242;2;23;36;2;4;1;1
371243;6;17;58;1;1;1;0
371244;23;21;0;1;4;1;1
371245;19;12;10;1;7;1;0
371246;26;12;48;6;7;1;0
371247;3;16;2;1;5;2;0
371248;14;17;51;1;2;1;0
371249;20;20;28;1;1;1;1
371250;29;8;45;1;3;1;0
371251;19;23;37;1;7;1;0
371252;10;15;19;2;5;1;0
371253;5;21;40;1;7;1;0
371254;23;19;8;1;4;1;0
371255;5;11;24;1;7;1;0
371256;6;2;25;2;1;1;0
371257;16;8;3;1;4;1;0
371258;22;1;38;2;3;2;1
371259;15;4;16;1;3;3;1
371264;17;23;0;1;5;1;1
371265;21;13;33;2;2;1;0
371266;27;19;28;1;1;1;1
371267;30;6;45;1;4;1;0
371268;30;16;7;1;4;1;1
371269;22;19;26;1;3;1;1
371270;18;8;57;1;6;1;0
371271;9;20;6;2;4;1;0
371277;8;17;10;1;3;1;0
371278;28;16;8;2;2;1;0
371279;29;16;12;1;3;1;0
371281;19;12;4;1;7;1;0
371282;12;13;55;2;7;1;0
371283;25;19;22;1;6;1;0
380107;1;7;2;1;3;1;0
380108;6;3;13;1;1;1;1
380109;9;0;4;1;4;1;1
380110;12;8;35;1;7;1;1
380111;14;9;15;1;2;1;0
380112;14;6;55;1;2;1;0
380113;18;15;30;1;6;1;0
380114;22;99;99;1;3;1;1
380115;22;14;10;1;3;1;1
380116;24;18;45;1;5;1;1
390919;2;2;19;2;4;2;1
390934;10;21;20;2;5;1;0
390935;7;16;12;2;2;1;1
390936;11;7;41;2;6;1;0
390939;6;18;29;2;1;1;0
390947;5;23;7;2;7;1;0
390948;7;15;8;2;2;1;0
390949;14;12;10;1;2;1;0
390950;17;2;52;2;5;1;0
390951;21;0;36;2;2;1;0
390968;3;8;48;2;5;2;1
390969;12;9;30;1;7;1;0
390970;12;10;29;2;7;2;0
390973;15;17;50;2;3;1;1
390974;17;18;43;1;5;1;1
390975;18;11;17;1;6;1;1
390976;1;15;7;2;3;1;0
390977;20;1;5;1;1;1;1
390979;21;19;44;1;2;2;0
390980;4;4;3;2;6;1;0
390981;5;16;57;2;7;1;1
390983;10;5;7;2;5;1;0
390984;6;8;54;2;1;1;0
390985;4;17;40;2;6;1;0
390986;8;21;32;2;3;1;0
390987;9;21;44;9;4;1;0
390988;9;13;14;1;4;1;0
390989;13;18;40;2;1;1;0
390990;11;22;49;1;6;1;1
390993;25;7;5;1;6;1;1
390994;28;0;45;1;2;1;1
390996;6;3;6;2;1;1;0
390997;12;2;35;1;7;1;1
390998;31;21;12;2;5;1;0
390999;13;1;11;9;1;1;1
391000;14;6;20;1;2;1;1
391001;14;18;3;2;2;1;0
391002;16;18;47;1;4;1;0
391003;26;17;52;2;7;1;0
391004;27;17;8;1;1;2;0
391006;16;14;16;2;4;1;0
391007;12;4;30;2;7;1;0
391008;10;8;59;2;5;1;0
391009;28;13;20;2;2;1;0
391011;31;18;23;1;5;1;0
391015;6;18;28;2;1;1;1
391016;8;20;15;2;3;1;0
391017;10;18;27;2;5;1;0
391018;15;20;10;2;3;1;0
391019;16;12;57;1;4;1;0
391020;18;6;55;1;6;1;0
391021;21;17;20;1;2;1;1
391022;14;15;26;2;2;1;0
391023;20;0;16;1;1;2;0
391024;22;15;48;1;3;2;0
391025;23;19;9;1;4;1;1
391026;24;6;46;1;5;1;0
391027;26;19;33;1;7;1;0
391028;26;20;42;2;7;1;0
391029;29;14;53;2;3;1;0
391032;19;15;25;2;7;1;0
391033;27;0;7;2;1;1;0
391034;25;2;55;2;6;1;0
391035;27;3;30;2;1;1;0
391036;29;4;21;1;3;2;1
391041;30;16;28;2;4;2;0
391043;31;3;41;2;5;1;1
391045;5;20;36;1;7;1;0
391046;2;1;32;2;4;1;1
391047;6;3;45;2;1;1;1
391050;12;21;13;2;7;1;0
391051;8;14;10;1;3;1;0
391058;31;20;42;2;5;1;1
391060;26;4;27;2;7;1;1
391061;29;17;26;2;3;1;0
391062;24;14;20;2;5;1;1
391063;16;17;15;1;4;1;0
391064;16;7;40;1;4;1;0
391065;24;16;5;2;5;1;0
391066;10;8;56;2;5;1;0
391068;16;3;30;2;4;1;0
391069;4;19;26;2;6;1;1
391070;14;15;23;2;2;1;0
391071;22;15;35;2;3;1;0
391072;22;21;25;2;3;1;0
400509;2;9;38;1;4;1;0
400514;6;99;99;1;1;1;1
400518;1;18;2;2;3;1;0
400519;5;14;44;1;7;1;1
400520;8;0;54;1;3;1;0
400521;9;10;51;2;4;1;0
400524;12;16;42;2;7;1;0
400525;16;4;9;1;4;2;0
400529;11;17;38;1;6;1;0
400530;20;16;35;1;1;1;0
400535;13;99;99;2;1;1;0
400536;14;15;57;1;2;1;0
400537;20;17;26;1;1;1;0
400538;22;6;1;1;3;1;1
400539;24;18;0;1;5;1;1
400546;9;23;56;2;4;1;0
400547;18;12;21;2;6;1;0
400548;16;23;19;2;4;1;1
400551;17;2;50;2;5;1;1
400552;18;21;17;2;6;1;1
400556;26;2;28;2;7;1;1
400557;30;18;38;2;4;1;0
400558;28;18;45;2;2;1;0
400560;1;9;51;2;3;1;0
400561;13;2;25;2;1;1;1
400563;19;7;50;1;7;1;0
400564;23;9;54;1;4;1;0
400566;11;9;49;2;6;1;0
400567;22;12;17;1;3;2;0
400568;24;18;6;1;5;1;0
400569;28;5;30;1;2;1;0
400570;30;14;21;1;4;1;0
400571;16;12;50;1;4;1;0
400572;27;2;40;1;1;1;1
400573;31;21;47;1;5;1;0
400575;1;10;1;2;3;1;0
400576;7;7;35;2;2;1;0
400577;8;9;2;1;3;1;0
400578;11;23;56;2;6;1;0
400583;10;15;25;1;5;1;0
400584;31;23;26;2;5;1;0
400586;8;13;10;1;3;1;0
400587;24;13;25;1;5;1;0
400591;22;6;23;1;3;1;0
400592;3;18;42;1;5;1;1
400593;29;10;59;2;3;1;0
410341;3;16;30;1;5;1;0
410342;3;12;31;1;5;1;0
410343;4;6;25;1;6;1;0
410344;4;6;40;2;6;1;0
410345;5;16;59;1;7;1;0
410346;5;9;55;1;7;1;0
410347;7;14;3;2;2;1;0
410348;10;17;22;1;5;2;1
410349;11;20;11;1;6;1;0
410350;11;18;57;1;6;1;0
410351;10;16;45;1;5;1;0
410352;13;8;47;2;1;1;0
410353;12;20;37;2;7;1;0
410354;16;20;6;2;4;1;0
410355;17;9;15;1;5;2;0
410356;17;11;54;1;5;1;0
410357;18;23;18;1;6;1;1
410358;19;2;23;1;7;1;1
410359;21;16;0;1;2;1;0
410361;23;7;26;1;4;2;0
410362;23;7;50;1;4;1;0
410363;23;9;44;1;4;1;0
410364;24;9;20;1;5;1;0
410365;24;16;37;1;5;1;1
410366;25;18;57;1;6;1;0
410367;26;7;59;1;7;1;0
410368;26;17;15;1;7;1;0
410369;28;19;30;1;2;1;0
410397;29;0;20;1;3;1;1
410398;29;14;54;1;3;3;0
410399;31;9;11;1;5;1;0
410406;6;15;55;1;1;1;1
410407;9;13;20;1;4;1;0
410408;13;19;30;1;1;1;1
410409;13;2;30;1;1;1;1
410410;16;99;99;1;4;1;1
410411;18;2;44;2;6;1;1
410412;26;15;8;1;7;1;1
410413;29;17;42;2;3;1;0
410414;30;18;41;2;4;1;1
410415;31;1;35;1;5;1;0
420497;11;18;34;2;6;1;0
420498;13;23;2;2;1;1;0
420499;15;15;34;1;3;1;0
420501;11;9;40;1;6;1;0
420505;30;9;50;1;4;1;0
420533;28;5;39;2;2;1;0
420539;11;23;30;1;6;1;1
420540;11;22;20;1;6;1;1
420541;19;22;19;2;7;2;0
420542;8;3;55;2;3;1;0
420543;17;18;28;2;5;1;0
420577;14;19;45;2;2;1;0
420578;17;19;4;2;5;1;0
420579;11;17;23;2;6;1;0
420580;18;23;16;2;6;1;1
420581;24;14;30;2;5;1;0
420582;31;15;23;1;5;1;0
420583;24;2;52;1;5;1;1
420584;19;0;33;1;7;1;1
420597;19;1;55;1;7;1;0
420599;8;19;1;9;3;2;0
420601;14;3;20;2;2;1;0
420611;27;2;12;2;1;1;1
420612;27;2;22;2;1;1;1
420620;25;17;11;1;6;1;0
420641;23;22;44;1;4;2;1
420644;24;20;53;2;5;1;0
420646;4;19;25;1;6;1;0
420654;4;8;45;2;6;1;0
420681;13;18;55;1;1;1;2
420689;25;17;25;1;6;1;0
420705;5;2;45;1;7;1;1
420707;23;9;27;2;4;1;0
420730;7;8;41;1;2;1;0
420763;14;14;46;1;2;1;0
420764;4;19;50;1;6;1;0
420767;20;2;41;2;1;3;1
420770;27;11;4;1;1;1;0
420779;5;16;5;2;7;1;0
420780;6;0;54;2;1;1;1
420781;25;20;30;2;6;1;0
420784;19;18;30;2;7;1;0
420785;21;16;40;1;2;1;0
420799;8;14;50;1;3;1;0
420850;28;16;22;2;2;1;1
420865;13;22;54;2;1;1;0
420877;5;3;2;1;7;1;0
420879;1;5;37;1;3;1;0
420895;25;20;45;2;6;1;0
420900;30;14;45;1;4;1;0
420907;8;6;43;1;3;1;0
420908;20;5;0;1;1;1;0
420911;12;3;30;1;7;1;1
420939;10;6;54;2;5;1;0
420941;15;15;40;2;3;1;0
420942;21;15;46;1;2;1;0
420943;13;4;9;2;1;1;0
420945;9;6;43;1;4;1;0
420946;31;6;4;2;5;1;0
420947;25;18;24;1;6;1;1
420954;21;16;39;2;2;1;0
420955;12;22;42;2;7;1;0
420956;6;0;20;2;1;1;0
420957;13;4;19;2;1;1;1
420958;8;22;30;1;3;1;0
420993;6;2;16;2;1;1;1
420994;9;2;55;2;4;1;1
420995;16;13;53;2;4;1;0
420996;13;16;15;2;1;1;1
421031;4;18;27;2;6;1;0
421033;11;19;11;2;6;1;1
421045;2;4;37;2;4;1;0
421046;12;0;28;2;7;1;1
421047;5;2;28;2;7;1;1
421048;8;7;21;2;3;1;0
421072;1;17;1;2;3;1;1
421083;5;2;0;1;7;1;1
421085;18;2;31;2;6;1;0
421087;12;14;29;1;7;1;0
421090;4;13;50;1;6;1;0
421092;19;2;12;2;7;1;1
421096;7;12;4;2;2;2;0
421098;16;14;48;2;4;1;1
421099;15;15;18;1;3;1;0
421101;19;19;14;1;7;1;1
421102;27;11;1;2;1;1;1
421103;16;16;5;1;4;1;1
440038;1;15;30;2;3;1;0
440039;8;1;46;2;3;1;1
440040;9;17;8;2;4;1;0
440041;14;21;42;2;2;2;0
440042;24;5;49;2;5;1;1
450815;1;18;0;1;3;1;0
450816;1;23;35;1;3;1;1
450817;2;0;50;1;4;1;0
450824;2;6;55;1;4;1;0
450825;4;13;50;1;6;1;0
450826;4;13;4;2;6;1;0
450827;4;14;25;1;6;1;0
450828;4;4;0;2;6;1;0
450829;4;16;45;2;6;1;0
450830;5;3;13;1;7;1;1
450831;6;9;9;1;1;1;1
450832;6;12;58;1;1;1;0
450833;6;21;0;1;1;1;0
450834;7;22;55;1;2;1;1
450853;6;18;12;2;1;2;1
450854;9;11;25;1;4;1;0
450855;9;8;55;1;4;1;0
450856;9;12;7;1;4;1;0
450857;9;12;30;1;4;1;0
450858;9;15;53;2;4;1;0
450859;9;20;30;1;4;1;0
450860;10;17;45;2;5;1;0
450861;11;18;30;1;6;1;1
450862;11;21;14;1;6;1;0
450863;11;22;55;1;6;1;1
450864;12;0;3;1;7;1;0
450865;13;1;20;2;1;1;1
450866;13;19;0;2;1;1;0
450867;13;23;45;1;1;1;1
450868;14;14;55;1;2;1;0
450869;15;17;52;2;3;1;0
450870;15;22;0;1;3;1;1
450871;16;7;50;1;4;1;0
450872;16;6;53;1;4;1;0
450873;17;20;16;1;5;1;0
450874;17;17;52;2;5;1;0
450875;18;12;55;2;6;1;0
450876;18;21;30;1;6;1;1
450877;19;6;13;1;7;1;0
450878;19;6;45;1;7;1;0
450879;19;23;45;1;7;1;0
450880;20;2;10;1;1;1;1
450881;19;20;23;2;7;1;1
450882;15;20;10;1;3;1;0
450883;21;13;10;1;2;1;0
450884;20;18;35;1;1;1;0
450885;22;18;20;1;3;1;0
450886;23;5;5;1;4;1;0
450887;23;14;28;2;4;1;0
450888;23;2;47;2;4;1;0
450889;23;6;10;1;4;1;0
450890;23;19;40;2;4;1;0
450891;23;23;2;2;4;2;0
450892;30;23;12;2;4;1;1
450893;24;5;10;1;5;1;1
450894;15;16;45;2;3;1;0
450895;25;0;53;1;6;1;1
450896;25;12;49;1;6;1;0
450897;25;18;20;1;6;2;1
450898;26;1;15;1;7;1;1
450899;26;9;55;1;7;1;1
450900;26;20;45;1;7;1;1
450901;26;23;15;1;7;1;0
450902;27;14;53;1;1;1;0
450903;28;4;35;2;2;1;0
450904;30;1;20;2;4;1;0
450905;22;23;10;1;3;1;0
450908;12;21;45;2;7;1;1
450909;25;22;20;2;6;1;0
450910;5;3;2;2;7;1;1
460108;1;6;10;1;3;1;0
460109;4;14;17;1;6;3;0
460110;5;7;25;2;7;1;0
460111;11;9;46;2;6;1;0
460113;16;17;50;1;4;1;0
460114;31;9;18;1;5;1;0
460116;23;15;21;2;4;1;1
470782;2;16;25;2;4;1;0
470787;1;18;10;2;3;1;1
470789;2;8;26;2;4;1;0
470792;1;17;55;2;3;1;0
470796;1;16;1;1;3;1;0
470797;3;15;58;2;5;1;0
470801;1;18;55;2;3;1;1
470802;3;11;46;2;5;2;0
470804;5;19;27;2;7;1;1
470805;7;16;59;2;2;1;0
470808;4;15;23;2;6;1;0
470810;8;10;15;2;3;1;0
470811;10;99;99;1;5;1;1
470812;10;14;11;2;5;1;0
470813;10;20;22;2;5;1;0
470815;2;19;17;1;4;1;0
470816;11;3;55;2;6;1;1
470817;7;14;0;2;2;1;0
470818;8;10;40;1;3;3;0
470819;4;10;26;1;6;1;0
470821;5;22;8;1;7;1;0
470822;11;23;45;2;6;1;0
470823;9;20;55;2;4;1;1
470826;6;5;2;1;1;1;0
470827;12;15;15;1;7;1;0
470828;8;19;34;2;3;1;0
470829;13;2;27;2;1;1;2
470831;13;15;40;2;1;1;0
470832;2;22;17;2;4;1;1
470833;7;7;8;1;2;1;0
470834;15;14;44;1;3;1;0
470835;14;19;15;2;2;1;0
470836;14;13;50;1;2;1;0
470837;1;21;38;1;3;1;1
470838;12;99;99;1;7;1;0
470839;14;14;56;2;2;1;1
470841;17;21;30;2;5;1;0
470842;16;12;48;2;4;1;0
470843;15;20;45;2;3;1;0
470844;16;22;3;1;4;1;0
470845;19;4;50;1;7;1;0
470846;10;19;39;2;5;1;1
470847;11;17;1;2;6;1;0
470848;19;0;53;2;7;1;1
470849;3;15;43;1;5;3;0
470851;3;17;12;2;5;1;0
470852;13;17;52;1;1;1;0
470853;16;14;45;2;4;1;0
470854;16;14;50;1;4;1;0
470855;16;16;30;2;4;1;0
470858;22;99;99;2;3;1;0
470859;13;20;13;1;1;1;0
470860;7;7;30;1;2;1;0
470861;8;12;40;1;3;1;0
470862;20;3;57;2;1;1;1
470863;15;21;10;1;3;1;0
470864;24;18;15;1;5;1;0
470865;26;17;8;2;7;1;0
470866;26;1;55;2;7;3;1
470867;15;18;28;2;3;1;0
470868;17;11;49;1;5;1;0
470869;20;21;20;1;1;1;0
470870;22;20;50;1;3;1;0
470871;9;17;0;2;4;1;0
470872;24;99;99;2;5;3;0
470873;25;13;15;1;6;2;1
470875;12;3;30;2;7;1;0
470876;22;4;18;2;3;1;1
470877;24;2;26;2;5;1;0
470878;25;8;55;1;6;1;0
470879;22;16;0;2;3;2;0
470880;25;8;23;2;6;1;0
470881;26;0;36;2;7;1;0
470882;24;12;16;1;5;1;0
470883;27;6;19;2;1;1;0
470884;29;10;56;1;3;1;0
470885;2;13;10;1;4;1;0
470887;29;15;20;1;3;1;0
470888;24;0;40;1;5;1;1
470889;21;5;31;2;2;1;0
470890;2;0;54;2;4;1;1
470891;26;17;1;1;7;1;0
470892;26;11;43;1;7;1;1
470893;21;14;16;2;2;1;0
470894;21;13;29;2;2;1;0
470895;31;10;29;2;5;3;0
470896;31;17;1;2;5;1;0
470897;31;21;25;2;5;1;1
470898;13;9;0;1;1;1;0
470900;28;12;4;2;2;1;0
470901;29;21;51;1;3;1;1
470902;30;99;99;2;4;1;1
470903;7;9;50;2;2;1;0
470904;31;18;37;2;5;1;0
470906;29;15;53;1;3;1;1
470907;19;13;4;1;7;2;0
470908;12;17;48;2;7;1;0
470909;28;13;25;2;2;1;0
470911;30;13;13;1;4;1;0
470912;24;3;25;2;5;1;1
470915;29;19;38;2;3;1;0
470919;3;15;27;2;5;1;0
482871;1;19;1;1;3;2;0
482872;1;14;28;1;3;1;0
482873;1;0;35;2;3;1;0
482874;1;18;21;2;3;1;0
482875;1;9;44;1;3;1;0
482876;1;21;48;8;3;1;1
482877;1;9;8;2;3;1;0
482878;1;18;23;2;3;1;0
482879;2;15;12;1;4;1;0
482880;2;19;15;2;4;1;0
482881;2;9;53;2;4;1;0
482882;2;9;34;1;4;2;1
482883;2;13;31;1;4;1;0
482884;2;14;45;1;4;1;0
482885;2;13;23;2;4;2;0
482886;2;21;23;2;4;1;1
482887;3;14;49;2;5;1;0
482888;3;1;56;8;5;1;0
482889;3;16;12;2;5;1;1
482890;3;9;12;1;5;1;0
482891;3;0;28;2;5;1;0
482892;3;17;54;8;5;1;0
482893;3;21;16;8;5;1;1
482894;3;17;42;2;5;1;0
482895;3;9;33;1;5;1;0
482896;3;17;3;2;5;1;0
482897;3;15;15;1;5;1;0
482898;3;11;43;2;5;2;0
482900;3;23;22;2;5;1;1
482901;3;7;45;2;5;1;0
482902;3;10;30;8;5;1;0
482903;4;0;36;2;6;1;0
482904;4;17;55;8;6;1;0
482905;4;0;0;1;6;1;1
482906;4;18;0;8;6;1;0
482907;4;6;14;8;6;1;0
482908;4;14;6;1;6;1;0
482909;4;14;30;8;6;1;0
482910;5;18;35;2;7;1;0
482911;5;21;29;2;7;2;0
482912;5;5;40;8;7;1;1
482913;5;10;15;8;7;1;0
482914;5;0;8;2;7;1;0
482915;5;14;15;2;7;1;0
482916;5;19;20;8;7;1;0
482917;5;22;2;1;7;2;1
482918;6;14;30;2;1;1;0
482919;6;17;0;2;1;1;0
482920;6;20;49;2;1;1;1
482922;6;21;39;1;1;1;1
482923;6;5;45;2;1;1;1
482924;6;18;40;8;1;1;0
482925;6;19;20;1;1;1;0
482926;6;20;36;2;1;1;0
482927;6;2;27;2;1;3;0
482928;6;19;56;8;1;1;1
482929;7;22;9;2;2;1;0
482930;7;14;40;1;2;1;0
482931;7;10;20;2;2;1;0
482932;7;4;21;1;2;1;1
482933;7;13;15;2;2;1;0
482934;7;1;22;2;2;1;1
482935;7;0;35;2;2;1;1
482936;7;19;16;2;2;1;0
482937;8;10;13;2;3;1;0
482938;8;22;0;2;3;1;0
482939;8;1;28;8;3;1;1
482940;8;2;56;2;3;1;1
482941;8;11;17;8;3;1;0
482942;8;7;35;1;3;1;0
482943;8;11;22;1;3;1;0
482944;9;13;1;2;4;1;0
482945;9;5;15;8;4;1;0
482946;9;18;59;8;4;2;1
482947;9;16;30;2;4;1;0
482948;10;6;47;8;5;1;0
482949;10;16;45;2;5;1;0
482950;10;18;22;2;5;1;0
482951;10;3;26;1;5;1;0
482952;10;18;22;8;5;1;0
482953;10;9;40;2;5;1;0
482954;11;7;0;2;6;1;1
482956;11;6;20;2;6;1;0
482957;11;23;21;1;6;1;0
482958;11;2;25;8;6;1;0
482959;11;5;27;8;6;1;0
482960;11;6;40;1;6;2;1
482961;11;18;38;1;6;1;0
482962;11;12;0;1;6;1;0
482963;11;23;0;8;6;1;1
482964;11;18;50;1;6;1;1
482965;11;19;19;8;6;1;0
482966;11;13;20;8;6;1;0
482967;11;21;0;1;6;1;0
482968;12;2;39;2;7;1;1
482969;12;1;33;8;7;1;0
482970;12;14;40;2;7;1;0
482971;12;20;9;8;7;1;1
482972;12;1;57;1;7;1;1
482973;12;2;48;2;7;1;1
482974;12;10;2;2;7;1;0
482975;12;18;33;2;7;1;0
482976;12;20;38;2;7;1;1
482977;12;4;25;1;7;1;1
482978;12;7;0;8;7;2;1
482979;12;19;8;1;7;1;0
482980;12;10;50;2;7;1;0
482981;12;19;48;8;7;1;0
482982;13;11;36;1;1;1;0
482983;13;20;34;2;1;1;0
482984;13;2;11;2;1;1;1
482985;13;20;14;2;1;1;0
482986;13;20;37;2;1;1;0
482987;13;18;45;2;1;1;0
482988;13;0;47;2;1;1;0
482989;13;20;58;1;1;2;0
482990;13;18;43;1;1;1;0
482991;14;13;15;2;2;1;0
482992;14;5;17;2;2;1;0
482993;14;8;1;8;2;1;0
482994;14;0;50;1;2;5;0
482995;15;13;30;8;3;1;0
482996;15;8;21;1;3;1;0
482997;15;12;45;1;3;1;0
482998;15;12;0;8;3;1;0
482999;15;5;42;1;3;1;0
483000;15;8;40;1;3;2;0
483001;15;18;30;1;3;1;0
483002;16;16;20;2;4;1;0
483003;16;1;5;2;4;1;0
483004;17;0;29;2;5;1;1
483005;17;16;0;1;5;1;0
483006;17;20;52;2;5;1;0
483007;17;20;10;1;5;1;0
483008;17;19;39;2;5;1;1
483009;18;22;10;8;6;1;1
483010;18;20;51;2;6;1;0
483011;19;1;5;2;7;1;1
483012;19;2;18;2;7;1;0
483013;19;22;50;2;7;1;0
483014;19;4;20;1;7;1;0
483015;19;4;29;1;7;1;0
483016;20;5;48;2;1;1;1
483017;20;5;27;2;1;1;0
483018;21;6;55;1;2;1;0
483019;21;22;12;2;2;1;1
483020;21;10;49;8;2;1;0
483021;21;19;26;2;2;1;0
483022;21;20;33;2;2;2;0
483023;22;18;25;8;3;1;0
483024;22;21;50;8;3;1;0
483025;22;16;32;8;3;1;0
483026;23;4;45;8;4;1;0
483027;24;16;40;2;5;1;1
483028;25;4;26;2;6;1;1
483029;25;1;21;8;6;1;0
483030;26;3;50;2;7;1;1
483031;26;7;50;1;7;1;0
483033;27;0;20;8;1;1;1
483034;28;19;16;2;2;1;0
483035;28;20;18;1;2;1;0
483036;29;3;23;1;3;1;0
483037;29;19;10;2;3;1;0
483038;29;4;47;1;3;1;0
483039;30;16;0;8;4;1;0
483040;30;18;24;2;4;1;0
483041;5;5;0;8;7;1;1
483042;8;0;44;1;3;1;0
483043;11;1;34;1;6;1;0
483044;11;21;28;8;6;2;1
483045;11;21;48;2;6;1;0
483046;11;5;45;1;6;1;0
483047;14;12;47;2;2;1;0
483048;14;5;53;1;2;1;0
483049;15;10;48;8;3;1;0
483050;15;23;45;8;3;2;1
483051;15;21;30;8;3;1;0
483052;18;3;40;2;6;1;0
483053;18;20;20;1;6;2;0
483054;18;18;45;1;6;1;0
483055;19;19;13;1;7;3;0
483056;19;10;9;2;7;1;0
483057;19;22;9;1;7;1;0
483058;19;18;0;2;7;1;1
483059;19;5;0;1;7;1;0
483060;20;18;51;8;1;1;0
483061;20;3;37;1;1;1;0
483062;20;23;40;1;1;1;1
483063;21;17;9;1;2;1;0
483064;21;11;14;2;2;2;0
483065;21;15;43;8;2;1;0
483066;21;2;48;2;2;1;1
483067;22;16;32;1;3;2;1
483068;22;15;2;2;3;1;0
483069;22;6;8;1;3;1;0
483070;22;22;27;1;3;1;1
483071;22;10;42;8;3;1;0
483072;22;6;31;8;3;1;0
483073;23;21;5;1;4;1;0
483074;23;9;30;1;4;1;0
483075;23;20;4;1;4;1;0
483076;23;15;50;1;4;1;0
483077;23;15;25;8;4;1;0
483078;24;8;25;1;5;1;0
483079;24;6;24;1;5;1;0
483080;24;0;44;2;5;1;1
483081;25;11;18;1;6;1;0
483082;25;11;31;2;6;1;0
483083;25;19;49;8;6;1;0
483084;25;2;10;8;6;1;0
483085;25;10;0;2;6;1;0
483086;25;15;21;1;6;3;0
483087;26;2;17;8;7;1;1
483088;26;9;40;1;7;1;0
483089;26;23;5;2;7;1;0
483090;26;18;14;2;7;1;0
483091;26;23;30;8;7;1;1
483092;26;21;56;2;7;1;0
483093;26;0;5;2;7;1;0
483094;27;3;42;1;1;1;1
483095;30;5;50;2;4;1;0
483096;30;19;32;8;4;1;0
483097;30;23;35;1;4;1;0
483098;31;9;18;8;5;2;0
483099;31;11;52;2;5;1;1
483100;31;5;17;1;5;1;0
483113;6;17;2;2;1;1;0
483114;11;12;23;2;6;1;0
483115;16;20;15;2;4;1;0
483116;15;19;23;2;3;1;0
483118;21;5;10;1;2;1;0
483119;22;4;0;1;3;1;0
483120;24;2;38;2;5;1;0
483121;25;19;15;2;6;1;1
483122;26;14;12;2;7;1;0
483123;26;23;9;8;7;1;0
483124;26;19;4;2;7;1;0
483125;27;15;9;1;1;2;0
483126;29;22;7;8;3;1;0
483127;29;4;30;1;3;1;0
483128;30;18;0;1;4;1;0
483129;31;11;40;1;5;1;0
483130;31;21;59;2;5;1;1
483131;31;2;15;1;5;1;1
483132;31;22;26;1;5;1;1
483133;31;15;16;1;5;1;0
483134;6;19;48;8;1;1;1
483136;1;12;32;2;3;1;0
483137;28;15;5;8;2;1;0
483138;29;14;10;8;3;1;0
483139;30;2;21;8;4;1;1
483140;31;20;49;2;5;1;0
483150;2;7;51;2;4;1;0
483151;10;13;4;8;5;1;0
483152;14;8;56;1;2;1;0
483153;16;2;0;8;4;1;1
483154;16;2;36;8;4;1;1
483155;26;6;36;2;7;1;0
483156;18;20;59;1;6;1;0
483157;22;6;13;2;3;1;0
483158;22;7;53;8;3;1;1
483159;25;3;53;1;6;1;0
483160;25;17;42;2;6;1;0
483161;25;1;22;1;6;1;0
483162;26;21;14;1;7;1;1
483163;26;7;25;1;7;1;0
483164;27;5;15;1;1;1;0
483165;29;21;8;1;3;1;0
483166;1;16;30;2;3;1;0
483167;2;19;25;1;4;1;0
483168;15;18;40;1;3;1;1
483169;24;19;10;8;5;1;1
483170;27;8;6;1;1;1;0
483175;1;0;58;2;3;1;0
483176;2;18;51;2;4;1;1
483177;18;19;6;8;6;1;0
483179;5;5;12;1;7;1;1
483180;21;19;33;2;2;1;0
483189;17;18;25;8;5;1;0
483190;24;0;6;2;5;1;2
483193;26;22;26;2;7;1;0
483194;26;22;48;1;7;1;1
483195;4;18;30;8;6;1;0
490230;10;18;43;2;5;1;0
490231;17;17;42;2;5;1;0
490232;17;8;1;2;5;1;0
490237;3;14;16;2;5;1;0
490238;4;15;34;2;6;1;0
490239;8;17;21;1;3;1;0
490240;9;20;7;2;4;1;0
490241;10;17;59;1;5;1;0
490242;11;16;40;1;6;1;0
490243;18;5;46;2;6;1;0
490245;23;16;29;1;4;2;0
490246;28;19;10;1;2;1;0
490247;30;17;27;1;4;1;0
490249;7;6;58;2;2;1;0
490250;18;11;35;2;6;1;0
490251;23;10;49;2;4;1;0
490253;7;17;8;2;2;1;0
490254;18;18;5;2;6;1;0
490255;29;7;55;1;3;1;0
490257;30;8;30;1;4;1;0
490258;10;12;0;6;5;1;0
490259;23;18;11;9;4;1;0
490260;26;17;28;2;7;1;0
500046;3;12;35;1;5;1;0
500047;5;8;20;1;7;1;1
500048;5;16;0;1;7;1;0
500049;12;17;4;1;7;1;0
500050;29;14;14;1;3;3;0
510616;5;22;30;2;7;1;0
510618;3;12;15;1;5;1;0
510619;4;1;30;2;6;1;0
510621;1;15;15;1;3;1;0
510622;4;7;0;1;6;1;0
510624;5;0;6;1;7;1;1
510625;5;21;35;1;7;1;1
510626;8;1;50;1;3;1;0
510627;8;8;25;2;3;1;0
510628;8;12;10;2;3;1;0
510631;3;21;40;2;5;1;0
510632;3;17;30;1;5;1;0
510633;6;6;0;2;1;1;0
510637;6;18;23;2;1;1;0
510638;14;2;5;2;2;1;1
510639;15;20;30;2;3;1;0
510645;10;15;55;1;5;1;0
510646;13;3;55;1;1;1;0
510647;13;0;20;1;1;1;0
510648;15;19;25;2;3;1;0
510651;11;23;29;1;6;1;0
510652;13;2;34;1;1;1;0
510656;17;21;8;1;5;1;0
510657;15;21;57;2;3;1;0
510658;17;14;57;1;5;1;0
510659;17;22;37;2;5;1;1
510660;13;20;21;1;1;1;0
510661;22;7;47;1;3;1;0
510662;23;17;45;2;4;1;0
510663;25;19;48;2;6;1;0
510664;22;13;56;2;3;1;0
510665;29;2;8;1;3;1;0
510666;29;7;9;1;3;1;0
510667;4;3;30;1;6;1;1
510668;17;12;0;1;5;1;0
510670;15;17;59;1;3;1;0
510671;24;23;10;1;5;1;1
510672;26;12;24;1;7;1;0
510673;27;23;10;1;1;1;0
510674;30;16;40;1;4;1;0
510675;30;5;19;1;4;1;0
510676;9;21;23;1;4;1;1
510677;15;12;55;1;3;1;0
510678;15;12;50;1;3;1;0
510679;20;5;40;1;1;1;1
510680;23;12;30;2;4;1;1
510681;28;9;3;1;2;1;0
510682;5;12;39;1;7;1;0
510683;27;14;41;1;1;1;0
510684;29;12;56;1;3;1;0
510689;19;17;49;2;7;1;0
510690;9;18;20;1;4;1;0
510691;19;0;0;2;7;1;0
510695;9;16;3;1;4;1;0
510696;31;21;45;1;5;1;1
510698;15;11;5;2;3;1;0
510699;28;16;45;1;2;1;0
510700;16;6;30;2;4;1;0
510702;6;17;43;2;1;1;0
510705;24;23;14;2;5;1;1
510706;26;21;18;2;7;1;0
510710;27;3;33;1;1;1;1
510711;19;19;15;1;7;1;2
510712;30;4;10;1;4;1;0
510713;13;4;22;2;1;1;1
530478;1;21;59;2;3;1;0
530479;1;19;30;2;3;1;0
530480;2;16;45;1;4;1;0
530481;2;23;0;1;4;1;1
530482;3;10;25;1;5;1;0
530483;3;15;5;2;5;1;0
530484;4;6;11;1;6;1;0
530485;4;17;31;2;6;1;0
530486;5;23;46;2;7;1;0
530487;6;17;20;1;1;1;2
530488;7;18;53;2;2;1;0
530489;8;19;7;1;3;3;0
530490;10;10;43;1;5;1;0
530491;10;18;24;1;5;1;0
530492;11;23;0;2;6;1;1
530493;11;16;25;1;6;1;1
530494;11;20;46;1;6;1;0
530495;14;10;35;2;2;1;0
530496;16;17;11;2;4;1;0
530497;17;1;38;2;5;2;1
530498;17;22;0;1;5;1;0
530499;17;2;47;2;5;1;1
530500;18;16;28;1;6;1;0
530501;18;11;17;1;6;1;0
530502;18;10;37;2;6;1;0
530503;19;12;35;1;7;1;1
530504;20;17;22;2;1;1;1
530505;22;9;7;1;3;1;0
530506;22;12;38;1;3;1;0
530507;22;16;50;1;3;1;0
530508;23;10;30;2;4;1;0
530509;24;18;37;1;5;1;0
530510;26;23;28;2;7;1;0
530511;26;3;45;2;7;1;0
530512;28;10;9;1;2;1;0
530513;28;18;20;2;2;1;0
530514;28;17;10;2;2;1;1
530515;29;23;31;1;3;1;1
530516;30;15;16;1;4;1;0
530517;31;8;50;1;5;1;0
530518;28;7;49;2;2;1;1
540233;3;7;44;1;5;1;0
540236;7;4;40;1;2;1;1
540237;11;14;55;2;6;1;0
540238;13;8;52;1;1;1;1
540239;16;20;23;1;4;1;0
540240;24;12;39;1;5;1;0
540241;26;21;19;1;7;1;1
540242;26;16;5;1;7;1;0
540243;7;19;7;1;2;1;0
540244;9;14;41;1;4;2;0
540245;16;22;13;1;4;1;0
540246;16;15;49;1;4;3;0
540247;18;8;10;1;6;1;0
540248;18;19;26;2;6;1;0
540249;31;15;40;1;5;1;0
550462;1;0;8;1;3;1;0
550464;1;20;38;1;3;1;0
550477;4;3;26;1;6;1;0
550479;5;6;45;1;7;1;0
550480;5;7;45;2;7;1;0
550483;3;16;19;1;5;1;0
550484;9;12;50;1;4;1;0
550485;11;16;20;1;6;1;0
550487;14;13;50;1;2;1;0
550488;15;4;59;1;3;2;1
550489;17;2;9;2;5;1;1
550491;10;10;50;1;5;1;0
550494;13;1;30;1;1;1;1
550495;15;11;1;2;3;1;0
550500;19;6;38;2;7;1;0
550502;14;12;26;1;2;1;0
550503;21;99;99;1;2;1;0
550504;23;11;56;1;4;1;0
550505;23;13;50;2;4;1;0
550506;23;15;50;2;4;1;1
550507;23;18;10;1;4;1;0
550508;24;7;16;2;5;1;0
550509;24;17;49;1;5;1;0
550510;25;2;4;2;6;1;1
550511;19;9;0;1;7;1;0
550512;17;12;22;1;5;1;0
550513;13;17;30;2;1;1;1
550514;30;9;33;2;4;2;0
550515;13;7;39;2;1;1;0
550516;31;16;30;1;5;3;1
550517;22;12;0;1;3;1;0
550518;13;0;46;1;1;1;1
550519;18;23;20;1;6;1;0
550520;21;99;99;1;2;1;0
560125;6;0;4;1;1;1;0
560126;9;6;29;1;4;2;0
560127;10;22;20;2;5;1;1
560128;13;11;50;2;1;1;0
560129;14;23;5;1;2;1;0
560130;19;21;55;1;7;1;0