ST_CASE;VEH_NO;HIT_RUN;TRAV_SP;PREV_SP
10650;1;0;999;0
10650;2;0;65;0
10650;3;0;70;0
10651;1;0;100;0
10651;2;0;65;0
10652;1;0;70;0
10658;1;0;999;0
10659;1;0;999;1
10660;1;0;70;1
10661;1;0;30;0
10662;1;0;25;1
10663;1;0;15;1
10663;2;0;40;0
10664;1;0;999;0
10664;2;0;55;0
10665;1;0;90;0
10666;1;0;75;3
10667;1;0;999;0
10668;1;0;55;1
10668;2;0;45;0
10669;1;0;26;0
10670;1;0;45;0
10671;1;0;70;2
10672;1;0;55;0
10672;2;0;55;0
10673;1;0;999;1
10673;2;0;999;0
10674;1;0;75;0
10675;1;0;0;0
10675;2;0;999;0
10676;1;0;999;0
10677;1;0;65;0
10677;2;0;60;0
10678;1;0;70;1
10679;1;0;62;0
10680;1;0;999;0
10680;2;0;999;0
10681;1;0;0;1
10681;2;0;65;0
10682;1;0;90;0
10683;1;0;999;1
10683;2;0;999;4
10685;1;0;60;1
10686;1;0;55;3
10686;2;0;45;0
10687;1;0;80;0
10688;1;0;20;0
10688;2;0;50;1
10689;1;0;45;3
10690;1;0;20;0
10690;2;0;55;1
10691;1;0;50;0
10691;2;0;50;3
10692;1;0;65;0
10693;1;0;25;2
10694;1;0;999;0
10695;1;0;30;1
10695;2;0;55;1
10696;1;0;999;2
10697;1;0;999;0
10697;2;0;999;0
10698;1;0;50;0
10698;2;0;50;0
10699;1;0;55;1
10701;1;0;55;0
10701;2;0;55;0
10702;1;0;999;0
10703;1;0;999;0
10703;2;0;999;0
10703;3;0;0;1
10704;1;0;65;3
10704;2;0;65;0
10704;3;0;60;0
10704;4;0;60;5
10705;1;0;80;1
10706;1;0;999;0
10707;1;0;999;0
10707;2;0;999;0
10708;1;1;999;99
10709;1;0;999;0
10749;1;0;70;0
10764;1;0;65;0
10765;1;0;85;2
10766;1;1;999;0
10771;1;0;53;0
10772;1;0;66;0
10773;1;0;55;0
10773;2;0;55;1
10774;1;0;60;0
10775;1;0;55;0
10776;1;0;30;0
10776;2;0;5;0
10777;1;1;85;2
10777;2;1;80;2
10778;1;0;5;0
10778;2;0;60;0
10779;1;0;35;1
10779;2;0;45;0
10780;1;0;60;0
10781;1;0;60;0
10782;1;0;55;0
10783;1;0;55;0
10784;1;0;45;0
20055;1;0;998;0
20055;2;0;998;0
20056;1;0;998;0
20057;1;0;998;0
20058;1;0;998;0
20060;1;0;998;1
20060;2;0;998;0
40758;1;0;998;0
40758;2;0;45;0
40759;1;0;45;0
40759;2;0;998;0
40759;3;0;55;0
40760;1;0;40;1
40761;1;0;68;3
40761;2;0;60;2
40761;3;0;65;1
40761;4;0;65;0
40761;5;0;65;0
40761;6;0;60;0
40762;1;0;998;0
40763;1;0;998;0
40764;1;0;60;0
40765;1;0;40;0
40766;1;0;40;0
40767;1;0;10;0
40767;2;0;45;0
40768;1;0;65;0
40768;2;0;65;0
40769;1;0;5;99
40769;2;0;63;0
40770;1;0;40;0
40771;1;0;65;0
40771;2;0;65;0
40771;3;0;65;0
40772;1;0;998;0
40773;1;0;27;0
40773;2;0;45;1
40774;1;0;18;0
40775;1;0;998;0
40775;2;0;998;1
40776;1;0;998;0
40777;1;0;40;0
40778;1;0;10;0
40778;2;0;35;0
40779;1;0;998;4
40779;2;0;65;0
40780;1;0;45;1
40781;1;0;998;99
40782;1;0;998;1
40783;1;0;998;2
40795;1;0;40;0
40796;1;0;998;0
40797;1;1;35;0
40797;2;0;45;0
40799;1;0;5;0
40800;1;0;56;3
40800;2;0;46;0
40801;1;9;999;99
40802;1;0;999;0
40803;1;0;998;0
40803;2;0;998;0
40804;1;0;999;99
40806;1;0;998;0
40806;2;0;999;0
40806;3;0;0;0
40806;4;0;999;0
40807;1;0;998;99
40808;1;0;65;0
40808;2;0;65;99
40809;1;0;65;0
40809;2;0;65;0
40810;1;0;75;0
40810;2;0;65;0
40811;1;0;65;0
40811;2;0;0;1
40812;1;0;998;0
40813;1;0;998;0
40814;1;0;998;0
40814;2;0;998;0
40815;1;0;998;0
40818;1;0;998;0
40818;2;0;998;1
40819;1;0;998;0
40820;1;9;999;99
40821;1;0;998;0
40821;2;0;998;0
40822;1;1;999;1
40823;1;0;998;99
40824;1;0;65;1
40824;2;0;0;998
40824;3;0;65;0
40824;4;0;60;1
40824;5;0;55;0
40824;6;0;70;0
40825;1;0;999;0
40826;1;9;999;99
40827;1;0;998;0
40828;1;0;998;0
40828;2;0;998;0
40829;1;0;998;0
40829;2;0;999;0
40831;1;0;50;0
40831;2;0;30;0
40831;3;0;50;0
40832;1;0;998;0
40832;2;0;0;2
50452;1;0;998;0
50453;1;0;998;0
50454;1;0;998;0
50455;1;0;998;1
50455;2;0;998;0
50456;1;0;998;0
50456;2;0;0;1
50456;3;0;0;0
50457;1;0;998;0
50458;1;0;998;0
50458;2;0;998;0
50459;1;0;998;2
50459;2;0;998;0
50460;1;0;60;0
50461;1;0;998;3
50462;1;0;998;0
50462;2;0;998;0
50463;1;0;998;0
50464;1;0;998;0
50465;1;0;998;0
50466;1;1;998;0
50466;2;0;998;0
50467;1;0;998;0
50467;2;0;998;0
50468;1;0;998;99
50468;2;0;998;99
50469;1;0;998;99
50470;1;0;998;99
50470;2;0;998;99
50470;3;0;998;99
50471;1;0;998;99
50472;1;0;998;99
50473;1;0;998;99
50473;2;0;998;99
50474;1;0;998;99
50474;2;0;998;99
50474;3;0;998;99
50474;4;0;998;99
50474;5;0;998;99
50474;6;0;998;99
50475;1;0;998;99
50476;1;0;998;99
50477;1;0;998;99
50479;1;0;998;99
50479;2;0;998;99
50480;1;0;998;99
50481;1;0;998;99
50481;2;0;998;99
50482;1;0;998;99
50483;1;0;998;99
50483;2;0;998;0
61936;1;0;43;0
61936;2;0;0;0
61939;1;0;35;0
61950;1;0;0;0
61950;2;0;60;0
61951;1;0;999;0
61951;2;0;43;0
61952;1;0;65;0
61952;2;0;998;0
61952;3;0;998;0
61956;1;0;999;0
61956;2;0;38;0
61956;3;0;998;0
61961;1;0;998;0
61961;2;0;998;0
61964;1;0;999;0
61964;2;0;65;0
61972;1;0;0;0
61972;2;0;65;0
61978;1;0;90;0
61978;2;0;65;0
61980;1;0;999;0
61980;2;0;45;2
61980;3;0;45;0
61999;1;0;40;0
61999;2;0;0;0
62053;1;0;998;0
62053;2;0;999;0
62069;1;0;80;0
62069;2;0;65;0
62081;1;1;48;0
62085;1;0;50;1
62085;2;0;50;0
62088;1;0;998;0
62097;1;0;998;0
62156;1;0;998;0
62173;1;0;45;0
62209;1;0;999;0
62214;1;0;999;1
62214;2;0;35;0
62220;1;0;999;0
62221;1;1;999;99
62222;1;0;999;0
62223;1;1;998;0
62241;1;0;998;1
62243;1;0;53;0
62245;1;0;998;0
62245;2;0;998;1
62246;1;0;53;0
62246;2;1;998;99
62249;1;0;60;0
62249;2;0;60;0
62252;1;0;998;0
62252;2;0;998;1
62255;1;0;998;0
62255;2;0;998;0
62258;1;0;998;0
62259;1;1;998;0
62261;1;0;998;2
62263;1;0;90;0
62263;2;0;998;0
62265;1;0;998;0
62265;2;0;998;1
62269;1;0;998;0
62273;1;0;998;0
62276;1;0;55;0
62277;1;0;80;0
62278;1;0;999;0
62279;1;0;76;0
62280;1;0;998;0
62282;1;0;998;0
62282;2;0;998;0
62283;1;0;10;0
62283;2;0;998;1
62285;1;0;998;0
62289;1;0;998;1
62292;1;0;998;0
62294;1;0;998;0
62296;1;0;999;0
62300;1;0;55;0
62300;2;0;75;0
62301;1;0;998;0
62301;2;0;998;0
62304;1;0;30;0
62307;1;0;998;0
62309;1;0;77;0
62311;1;1;60;99
62312;1;0;998;0
62313;1;0;998;1
62315;1;0;998;0
62316;1;0;998;0
62318;1;0;999;0
62319;1;0;998;0
62320;1;0;998;0
62321;1;0;998;0
62322;1;1;998;99
62322;2;0;998;0
62324;1;0;50;1
62324;2;0;50;0
62325;1;0;998;0
62325;2;0;998;0
62325;3;0;0;0
62332;1;0;998;0
62336;1;1;999;99
62338;1;0;999;0
62339;1;0;65;0
62339;2;0;65;0
62341;1;0;998;0
62343;1;0;999;0
62346;1;0;998;0
62347;1;0;0;1
62347;2;0;70;0
62347;4;1;999;99
62350;1;0;999;0
62350;2;0;50;0
62352;1;1;999;99
62353;1;1;999;99
62357;1;0;998;2
62363;1;0;48;0
62368;1;1;999;99
62387;1;0;48;1
62387;2;0;40;2
62397;1;0;998;0
62399;1;0;999;2
62403;1;0;999;0
62405;1;0;998;0
62420;1;0;999;0
62422;1;1;999;99
62430;1;0;998;0
62440;1;0;45;0
62444;1;0;998;0
62454;1;0;55;0
62457;1;0;998;0
62457;2;0;32;0
62461;1;0;998;0
62464;1;0;76;0
62464;2;0;998;0
62466;1;0;998;1
62466;2;0;0;0
62468;1;0;999;1
62468;2;0;35;0
62469;1;0;50;0
62469;2;0;40;0
62470;1;0;65;0
62471;1;0;998;0
62474;1;0;34;0
62475;1;0;998;0
62476;1;1;999;99
62479;1;0;998;0
62487;1;0;999;0
62487;2;0;65;0
62488;1;0;998;0
62499;1;0;998;1
62500;1;0;998;0
62517;1;0;999;0
62517;2;0;45;0
62522;1;0;998;0
62523;1;0;63;1
62523;2;0;63;0
62525;1;0;70;0
62527;1;0;998;0
62534;1;0;998;0
62546;1;0;998;2
62546;2;0;55;99
62546;3;0;55;0
62549;1;0;998;0
62549;2;0;998;0
62549;3;0;0;0
62549;4;0;998;0
62558;1;0;998;0
62558;2;0;998;0
62559;1;0;999;0
62559;2;0;58;0
62560;1;0;998;2
62560;2;0;998;0
62560;3;0;998;0
62560;4;0;998;0
62563;1;0;90;0
62564;1;0;60;0
62564;2;0;38;0
62565;1;0;65;0
62565;2;0;0;0
62566;1;0;65;0
62567;1;0;998;0
62569;1;0;999;0
62569;2;0;999;0
62571;1;0;998;0
62574;1;0;999;0
62575;1;0;999;1
62576;1;0;65;1
62576;2;0;65;0
62576;3;0;55;0
62578;1;0;998;0
62579;1;0;999;0
62579;2;0;0;0
62580;1;0;998;0
62581;1;0;998;1
62588;1;0;999;0
62592;1;0;60;0
62593;1;0;78;0
62595;1;0;999;0
62598;1;0;998;0
62599;1;0;999;0
62605;1;0;55;1
62616;1;0;998;0
62616;2;0;998;0
62618;1;0;30;0
62618;2;0;38;0
62620;1;0;998;1
62620;2;0;998;0
62622;1;0;55;0
62622;2;0;55;0
62622;3;1;55;99
62629;1;0;40;0
62633;1;0;998;0
62633;2;0;998;1
62636;1;0;55;0
62636;2;0;55;0
62636;3;0;998;0
62637;1;0;998;0
62640;1;0;65;0
62642;1;0;15;0
62642;2;0;30;1
62643;1;0;999;0
62643;2;0;58;1
62646;1;0;998;0
62646;2;0;998;0
62649;1;0;45;0
62649;2;0;45;0
62650;1;1;999;99
62651;1;0;10;0
62651;2;0;50;0
62652;1;0;998;0
62653;1;1;999;99
62653;2;0;998;0
62655;1;0;999;3
62655;2;0;998;0
62660;1;0;999;0
62660;2;0;45;0
62662;1;0;20;1
62666;1;0;999;2
62681;1;0;998;0
62682;1;0;999;0
62685;1;0;58;0
62685;2;0;43;0
62685;3;0;60;0
62690;1;0;65;1
62693;1;0;999;0
62693;2;0;45;0
62694;1;0;999;0
62694;2;0;60;0
62695;1;0;65;99
62703;1;0;999;0
62703;2;0;999;0
62703;3;0;0;0
62714;1;0;998;0
62714;2;0;998;0
62723;1;0;85;1
62723;2;0;0;0
62729;1;0;85;0
62729;2;0;998;0
62732;1;0;998;0
62735;1;0;998;0
62736;1;0;30;0
62736;2;0;999;0
62737;1;0;999;0
62737;2;0;33;0
62739;1;0;999;0
62740;1;0;999;1
62742;1;0;998;998
62744;1;0;65;0
62745;1;0;26;0
62746;1;0;999;0
62747;1;1;999;99
62747;2;0;999;0
62748;1;0;65;1
62748;2;0;58;0
62748;3;0;998;0
62748;5;0;65;0
62752;1;0;998;0
62753;1;0;65;0
62754;1;0;998;0
62755;1;1;65;0
62756;1;0;998;0
62757;1;0;43;0
62758;1;0;45;0
62758;2;0;999;0
62759;1;0;65;0
62759;2;0;998;0
62760;1;0;998;0
62761;1;0;0;1
62763;1;0;100;0
62763;2;0;73;99
62764;1;1;998;99
62766;1;1;45;0
62767;1;0;50;0
62767;2;0;998;0
62768;1;0;998;0
62768;2;0;998;0
62769;1;0;20;0
62770;1;0;998;0
62771;1;1;998;0
62772;1;0;998;0
62772;2;0;998;0
62781;1;0;998;0
62782;1;0;998;0
62783;1;0;998;0
62792;1;0;999;0
62792;2;0;998;0
62798;1;0;999;0
62805;1;0;998;0
62806;1;0;38;0
62826;1;0;81;0
62826;2;0;998;1
62840;1;0;998;0
62840;2;0;998;0
62840;3;0;998;0
62841;1;0;998;0
62842;1;0;83;0
62842;2;0;55;0
62843;1;0;998;0
62844;1;1;999;99
62844;2;0;38;0
62849;1;0;998;0
62850;1;0;998;0
62850;2;0;0;0
62850;3;0;0;0
62850;4;0;0;0
62853;1;0;998;0
62853;2;0;998;0
62854;1;0;998;0
62875;1;0;998;0
62880;1;0;83;0
62880;2;0;53;0
62880;3;0;66;0
62882;1;0;998;0
62883;1;0;48;1
62884;1;0;60;0
62884;2;0;998;0
62885;1;0;65;99
62886;1;0;65;0
62886;2;0;65;1
62894;1;0;55;1
62896;1;0;998;0
62897;1;1;998;0
62909;1;0;998;0
62909;2;0;998;0
62910;1;0;38;0
62910;2;0;0;0
62910;3;0;0;0
62911;1;0;68;0
62911;2;0;68;0
62912;1;0;35;0
62912;2;0;0;998
62912;3;0;25;0
62913;1;0;998;0
62913;2;0;998;0
62915;1;0;10;0
62916;1;0;40;0
62921;1;0;50;0
62923;1;0;999;0
80482;1;0;30;0
80483;1;1;35;0
80484;1;0;60;0
80484;2;0;65;0
80485;1;0;75;0
80486;1;0;45;0
80487;1;0;30;0
80488;1;0;75;2
80489;1;0;88;2
80489;2;0;48;0
80489;3;0;55;0
80489;4;0;54;0
80490;1;0;55;9
80491;1;0;20;1
80491;2;0;55;0
80492;1;0;50;0
80493;1;0;50;0
80494;1;0;998;1
80495;1;0;80;0
80495;2;0;55;0
80496;1;0;70;0
80497;1;0;60;1
80498;1;0;100;0
80498;2;0;60;0
80499;1;0;60;0
80500;1;0;55;2
80501;1;1;80;0
80501;2;0;55;0
80502;1;0;55;99
80502;2;0;55;0
80503;1;0;40;0
80504;1;0;60;0
80504;2;0;60;0
80505;1;0;10;0
80506;1;0;998;1
80506;2;1;998;99
80506;3;1;998;99
80506;4;1;998;99
80507;1;0;40;0
80509;1;0;998;0
80509;2;0;998;0
80509;3;0;998;1
80510;1;0;60;1
80510;2;0;0;998
90120;1;0;998;0
90173;1;0;998;0
90175;1;0;35;0
90177;1;0;998;0
90178;1;0;998;0
90179;1;0;999;0
90180;1;0;998;0
90181;1;0;999;0
90181;2;0;998;0
90182;1;0;998;0
90182;2;0;998;2
90183;1;1;998;1
90216;1;0;998;0
90232;1;0;998;0
90232;2;0;998;0
90241;1;0;998;0
90241;2;0;998;0
90244;1;0;998;0
90244;2;0;998;0
90245;1;0;998;0
90248;1;0;998;1
100081;1;0;998;3
100084;2;0;998;2
100088;1;0;998;4
100088;2;0;998;0
100096;1;1;998;0
100097;1;0;998;0
100097;2;0;998;0
100098;1;0;998;0
100098;2;0;998;1
110022;1;0;998;99
110023;1;0;998;99
110023;2;0;998;0
122185;1;0;3;0
122298;1;0;45;0
122327;1;0;55;0
122328;1;0;45;0
122329;1;0;40;0
122331;1;0;45;0
122332;1;0;45;0
122332;2;0;45;0
122341;1;0;21;0
122341;2;0;40;0
122342;1;0;60;1
122342;2;0;0;2
122342;3;0;10;0
122344;1;0;998;0
122345;1;0;40;0
122345;2;0;45;0
122346;1;0;45;0
122347;1;0;55;0
122347;2;0;55;0
122348;1;0;55;1
122349;1;0;55;0
122359;1;0;30;1
122360;1;0;45;0
122361;1;0;100;0
122362;1;0;55;0
122363;1;0;35;0
122363;2;0;55;0
122365;1;0;55;1
122366;1;0;35;0
122367;1;0;20;0
122367;2;0;85;0
122368;1;0;60;0
122369;1;0;20;0
122369;2;0;65;0
122370;1;0;50;2
122370;2;0;50;0
122370;3;0;50;0
122370;4;1;50;0
122371;1;0;60;0
122371;2;0;60;0
122372;1;0;45;0
122373;1;0;45;0
122374;1;0;50;0
122374;2;0;10;0
122375;1;0;45;0
122375;2;1;45;99
122376;1;0;45;0
122377;1;0;20;0
122377;2;0;45;0
122378;1;1;45;0
122378;2;0;45;0
122378;3;0;45;1
122379;1;0;998;0
122379;2;0;998;0
122380;1;0;60;0
122429;1;0;5;0
122429;2;0;60;0
122447;1;0;60;0
122447;2;0;0;998
122448;1;0;60;0
122448;2;0;10;0
122449;1;0;30;0
122450;1;0;45;1
122451;1;0;35;0
122452;1;0;70;2
122452;2;0;70;0
122453;1;0;55;0
122453;2;0;55;0
122454;1;0;998;0
122455;1;0;998;0
122455;2;0;998;0
122455;3;0;998;0
122456;1;0;49;0
122457;1;0;100;0
122458;1;0;55;0
122459;1;0;20;5
122460;1;0;55;0
122461;1;0;15;0
122461;2;0;55;1
122462;1;0;45;1
122462;2;0;45;1
122463;1;1;45;1
122464;1;0;70;1
122465;1;0;55;0
122465;2;0;55;0
122465;3;0;55;0
122466;1;0;45;0
122466;2;0;50;1
122467;1;0;45;0
122467;2;0;35;0
122468;1;0;998;0
122469;1;1;45;99
122470;1;0;60;0
122470;2;0;65;0
122470;3;0;65;0
122470;4;0;60;0
122470;5;0;60;0
122471;1;0;20;1
122472;1;0;85;0
122473;1;0;998;0
122474;1;0;112;1
122475;1;0;30;1
122476;1;0;50;0
122477;1;0;20;0
122477;2;0;55;0
122478;1;0;65;0
122479;1;0;45;1
122479;2;0;10;0
122480;1;0;45;0
122480;2;0;40;0
122481;1;0;30;0
122481;2;0;30;0
122481;3;0;30;0
122482;1;0;60;0
122483;1;0;10;0
122483;2;0;55;0
122484;1;0;998;0
122485;1;0;40;0
122486;1;0;50;0
122487;1;0;1;0
122493;1;0;89;0
122493;2;0;60;0
122494;1;0;45;0
122495;1;0;40;0
122495;2;0;45;0
122496;1;1;998;1
122497;1;0;45;0
122498;1;0;45;0
122499;1;0;56;1
122499;2;0;0;998
122500;1;0;999;0
122500;2;0;999;0
122500;3;0;0;0
122501;1;0;30;0
122502;1;0;40;0
122503;1;0;40;0
122504;1;0;45;0
122504;2;0;40;0
122505;1;0;55;2
122506;1;0;45;0
122507;1;0;45;0
122508;1;0;55;0
122508;2;0;55;0
122509;1;0;35;1
122510;1;0;55;0
122510;2;0;2;998
122512;1;0;70;0
122512;2;0;40;0
122513;1;0;35;0
122513;2;0;35;3
122514;1;0;70;0
122515;1;0;55;0
122516;1;0;50;0
122517;1;0;998;0
122518;1;0;65;1
122518;2;0;65;0
122519;1;0;15;0
122519;2;0;45;0
122520;1;1;998;2
122521;1;0;10;0
122521;2;0;55;0
122521;3;0;55;0
122522;1;1;45;99
122522;2;0;25;0
122524;1;0;45;0
122525;1;0;55;1
122526;1;0;10;1
122526;2;0;50;1
122527;1;0;65;1
122527;2;0;65;3
122527;3;0;65;2
122528;1;1;999;99
122528;2;1;999;99
122528;3;1;70;0
122529;1;0;65;1
122530;1;0;45;99
122531;1;0;40;0
122532;1;1;999;99
122533;1;0;60;0
122534;1;0;75;0
122535;1;0;10;0
122535;2;0;55;0
122536;1;0;5;0
122536;2;0;5;0
122537;1;1;55;99
122538;1;0;5;0
122539;1;0;25;1
122540;1;0;998;0
122547;1;1;999;99
122548;1;0;45;0
122549;1;0;55;0
122549;2;0;0;0
122549;3;0;0;0
122550;1;0;65;1
122551;1;0;45;0
122552;1;0;70;0
122552;2;0;70;0
122552;3;0;70;0
122553;1;0;50;0
122555;1;0;55;0
122556;1;0;70;0
122557;1;0;50;4
122558;1;1;55;0
122558;2;0;45;0
122559;1;0;18;0
122559;2;0;15;2
122560;1;0;35;0
122560;2;0;40;0
122560;3;0;40;1
122561;1;0;70;0
122562;1;0;45;1
122563;1;0;49;1
122563;2;0;10;0
122564;1;0;70;0
122564;2;0;70;0
122564;3;0;70;0
122565;1;0;35;0
122566;1;0;40;0
122567;1;0;45;0
122568;1;1;999;99
122569;1;0;50;0
122569;2;0;10;0
122569;3;0;10;0
122570;1;0;55;0
122570;2;0;55;0
122570;3;0;55;0
122571;1;0;55;0
122571;2;0;55;2
122571;3;0;55;1
122572;1;0;45;0
122573;1;0;35;0
122574;1;0;60;0
122575;1;0;35;0
122576;1;0;65;0
122576;2;0;65;1
122577;1;0;45;0
122577;2;0;0;1
122578;1;0;60;0
122578;2;0;60;0
122579;1;0;10;0
122579;2;0;55;0
122580;1;0;45;0
122581;1;0;25;1
122582;1;0;20;1
122582;2;0;55;0
122583;1;0;45;1
122586;1;0;70;0
122587;1;0;70;0
122587;2;0;60;0
122588;1;0;15;0
122588;2;0;60;0
122589;1;0;25;0
122589;2;0;45;0
122590;1;0;35;1
122591;1;0;75;0
122592;1;0;10;0
122593;1;1;999;99
122594;1;0;15;0
122595;1;0;65;0
122595;2;0;65;0
122597;1;0;45;0
122598;1;0;15;0
122598;2;0;45;0
122599;1;0;70;1
122600;1;0;65;0
122601;1;0;65;0
122601;2;0;55;0
122602;1;0;70;0
122602;2;0;35;0
122603;1;0;70;1
122604;1;0;40;0
122605;1;0;60;0
122606;1;0;45;1
122606;2;0;5;0
122606;3;0;5;0
122607;1;0;60;0
122608;1;0;55;0
122609;1;0;45;0
122609;2;0;0;1
122610;1;0;70;2
122611;1;0;10;0
122612;1;0;70;0
122612;2;0;55;0
122612;3;0;55;0
122612;4;0;55;0
122612;5;0;55;1
122613;1;0;45;0
122614;1;0;70;0
122614;2;0;0;0
122614;3;0;0;0
122615;1;0;40;0
122616;1;0;35;0
122617;1;0;70;0
122618;1;0;40;0
122619;1;0;40;0
122620;1;0;70;0
122620;2;0;80;1
122621;1;0;40;0
122621;2;0;0;0
122622;1;0;45;1
122623;1;0;45;0
122623;2;0;20;0
122624;1;0;998;1
122624;2;0;0;0
122624;3;0;998;1
122624;4;0;0;0
122625;1;0;30;0
122626;1;0;75;0
122627;1;0;37;0
122628;1;0;45;0
122628;2;0;25;0
122629;1;0;40;0
122630;1;0;15;0
122630;2;0;55;0
122631;1;0;55;0
122631;2;0;55;0
122640;1;1;999;99
122641;1;0;45;0
122641;2;0;55;0
122642;1;0;998;0
122643;1;0;45;0
122644;1;0;45;0
122644;2;0;45;0
122645;1;0;10;0
122645;2;0;45;0
122646;1;0;5;0
122646;2;0;30;2
122647;1;0;90;0
122648;1;0;55;0
122648;2;0;0;0
122648;3;0;0;0
122648;4;0;0;0
122649;1;0;30;0
122650;1;1;45;99
122651;1;1;998;99
122652;1;0;998;0
122652;2;0;998;0
122652;3;0;0;0
122653;1;0;85;0
122653;2;0;70;0
122654;1;0;40;1
122655;1;0;45;0
122658;1;0;15;0
122658;2;0;55;0
122659;1;0;45;0
122660;1;0;998;1
122660;2;0;998;2
122661;1;0;45;0
122662;1;0;998;0
122662;2;0;998;1
122663;1;0;25;0
122664;1;0;45;0
122665;1;0;998;0
122665;2;0;998;0
122666;1;0;40;0
122668;1;0;998;0
122668;2;0;998;99
122675;1;0;998;0
122675;2;0;998;0
122683;1;0;25;0
122683;2;0;40;0
122684;1;0;73;1
122685;1;0;10;0
122685;2;0;60;0
122686;1;1;40;0
122687;1;0;35;0
122688;1;0;35;0
122689;1;0;15;0
122689;2;0;35;0
122689;3;0;0;0
122690;1;0;40;0
122691;1;0;35;1
122691;2;0;55;0
122692;1;0;998;0
122692;2;0;998;0
122692;3;0;998;0
122693;1;1;45;99
122694;1;0;0;998
122694;2;0;70;2
122695;1;0;25;0
122695;2;0;0;0
122696;1;0;5;0
122697;1;0;45;0
122697;2;0;45;1
122698;1;0;45;0
122699;1;0;998;1
122700;1;0;45;0
122701;1;0;30;1
122702;1;0;55;0
122703;1;0;10;99
122703;2;0;30;0
122703;3;0;30;1
122703;4;0;30;0
122704;1;0;0;0
122704;2;0;45;0
122705;1;0;40;0
122705;2;0;10;0
122706;1;0;998;0
122706;2;0;998;0
122707;1;0;20;0
122707;2;0;60;1
122708;1;0;65;0
122708;2;0;60;0
122709;1;0;80;3
122717;1;1;10;99
122717;2;0;50;2
122720;1;1;998;99
122721;1;0;45;0
122722;1;0;35;1
122723;1;0;60;0
122723;2;0;0;0
122723;3;0;0;0
122726;1;0;998;0
122726;2;0;998;2
122729;1;0;30;0
122729;2;0;35;0
122747;1;0;0;0
122747;2;0;40;1
122748;1;0;45;0
122748;2;0;0;1
122749;1;0;45;0
122755;1;0;45;0
122768;1;0;45;0
122769;1;0;45;0
122769;2;0;45;1
122770;1;0;45;0
122771;1;0;35;0
122773;1;0;55;0
122773;2;0;0;0
122773;3;0;0;2
122775;1;0;20;3
122775;2;0;45;0
122776;1;1;999;99
122777;1;0;25;0
122777;2;0;60;0
122779;1;0;45;0
122780;1;0;35;1
122780;2;0;45;1
122781;1;0;50;0
122782;1;1;40;99
122783;1;0;40;0
122783;2;0;0;0
122784;1;0;75;0
122785;1;0;65;0
122795;1;0;80;0
122796;1;0;40;0
122797;1;0;5;0
122797;2;0;40;0
122798;1;0;5;0
122798;2;0;998;0
122800;1;0;998;0
122804;1;1;999;99
122805;1;0;60;99
122806;1;0;10;0
122806;2;0;40;0
131198;1;0;998;2
131198;2;0;998;0
131199;1;0;0;2
131200;1;0;998;0
131200;2;0;998;0
131201;1;0;998;0
131202;1;0;998;1
131202;2;0;998;0
131203;1;0;998;0
131203;2;0;998;0
131204;1;0;998;1
131205;1;0;998;0
131205;2;0;998;1
131206;1;0;998;3
131206;2;0;998;0
131206;3;0;998;0
131207;1;0;998;0
131208;1;0;7;0
131208;2;0;998;1
131209;1;0;998;0
131211;1;0;998;0
131211;2;0;998;0
131212;1;0;998;0
131212;2;0;998;3
131213;1;0;998;0
131214;1;0;998;0
131215;1;0;998;1
131216;1;0;998;0
131217;1;0;998;0
131218;1;0;998;0
131218;2;0;998;0
131219;1;0;998;0
131219;2;0;998;0
131220;1;0;998;2
131221;1;0;998;0
131221;2;0;998;0
131221;3;0;998;0
131222;1;0;998;0
131222;2;0;999;0
131223;1;0;998;0
131224;1;0;998;0
131224;2;0;998;0
131225;1;0;998;2
131226;1;0;998;0
131227;1;0;998;0
131228;1;0;998;2
131228;2;0;998;3
131229;1;0;998;0
131229;2;0;0;0
131229;3;0;0;0
131230;1;0;998;3
131231;1;0;998;0
131231;2;0;998;0
131232;1;0;998;0
131232;2;0;998;1
131233;1;0;998;0
131233;2;0;998;0
131234;1;0;998;0
131234;2;0;998;0
131235;1;0;998;0
131236;1;0;998;0
131236;2;0;998;0
131237;1;0;998;0
131238;1;0;998;0
131239;1;0;998;1
131240;1;0;998;0
131240;2;0;998;0
131241;1;0;998;1
131241;2;0;998;0
131242;1;0;998;0
131242;2;0;998;0
131243;1;0;998;4
131244;1;0;998;0
131245;1;0;998;0
131246;1;0;998;0
131246;2;0;0;0
131246;3;0;998;0
131247;1;0;998;0
131248;1;0;998;0
131248;2;0;998;3
131249;1;0;998;2
131250;1;0;998;0
131251;1;0;998;0
131252;1;0;998;0
131252;2;0;998;0
131253;1;0;998;0
131254;1;1;998;0
131255;1;0;998;0
131256;1;0;998;1
131256;3;0;998;0
131256;4;0;998;0
131257;1;0;998;0
131258;1;0;998;0
131258;2;0;998;0
131259;1;0;998;2
131260;1;0;998;1
131261;1;0;998;1
131268;1;0;998;0
131269;1;0;998;0
131270;1;0;998;0
131270;2;0;0;0
131271;1;0;998;0
131272;1;0;998;0
131273;1;0;998;0
131274;1;0;998;0
131274;2;0;998;0
131275;1;0;998;0
131276;1;0;998;1
131277;1;1;999;99
131278;1;0;998;0
131279;1;1;999;99
131280;1;0;998;0
131281;1;0;998;0
131281;2;0;998;0
131281;3;0;998;0
131282;1;0;998;0
131282;2;0;998;0
131282;3;0;998;0
131283;1;0;998;1
131284;1;0;998;0
131284;2;0;998;0
131285;1;0;998;0
131285;2;0;998;0
131286;1;0;998;0
131287;1;0;998;0
131288;1;0;998;0
131289;1;0;998;0
131289;2;0;998;0
131290;1;0;998;0
131291;1;0;998;1
131292;1;0;998;0
131292;2;0;998;0
131293;1;0;998;0
131294;1;0;998;0
131294;2;0;998;0
131294;3;0;998;0
131295;1;0;998;1
131296;1;0;998;0
131296;2;0;998;0
131297;1;0;998;2
131297;2;0;998;2
131298;1;0;998;0
131298;2;0;998;0
131298;3;0;998;0
131299;1;0;998;1
131300;1;0;998;0
131301;1;0;998;0
131301;2;0;998;0
131301;3;0;0;998
131301;4;0;0;1
131302;1;0;998;0
131302;2;0;998;0
131303;1;0;998;0
131303;2;0;0;0
131303;3;0;0;0
131304;1;0;998;0
131305;1;0;998;0
131305;2;0;998;1
131306;1;0;998;2
131306;2;0;998;0
131307;1;0;998;0
131307;2;0;998;0
131308;1;0;998;0
131309;1;0;998;1
131309;2;0;998;3
131310;1;0;998;0
131311;1;0;998;0
131312;1;0;998;0
131313;1;0;998;0
131314;1;0;998;0
131315;1;0;998;0
131316;1;0;999;0
131317;1;0;998;1
131318;1;0;998;2
131318;2;0;998;0
131319;1;0;998;0
131319;2;0;998;1
131320;1;0;998;0
131321;1;0;0;0
131321;2;0;998;0
131322;1;0;998;0
131323;1;0;998;0
131324;1;0;998;0
131324;2;0;998;0
131325;1;0;998;1
131326;1;0;998;0
131327;1;0;998;1
131328;1;0;998;0
131329;1;0;998;0
131330;1;0;998;1
131330;2;0;998;0
131334;1;0;998;0
131335;1;0;998;0
131335;2;0;998;0
150080;1;0;999;0
150080;2;0;999;2
150081;1;0;999;0
150081;2;0;999;2
150082;1;0;999;1
150083;1;0;999;0
150084;1;0;999;0
150084;2;0;999;4
150087;1;0;999;1
150087;2;0;999;1
150087;3;0;999;0
160171;1;0;998;99
160172;1;1;998;0
160173;1;0;998;3
160173;2;0;998;0
160174;1;0;998;0
160176;1;0;998;99
160180;1;0;998;99
160180;2;0;998;0
160181;1;0;998;0
160181;2;0;998;99
160182;1;0;998;0
160183;1;0;998;0
160184;1;0;998;99
160185;1;0;998;0
160185;2;0;998;99
160185;3;0;998;0
160186;1;0;998;0
160186;2;0;998;99
160186;3;0;998;0
160187;1;0;998;99
160187;2;0;998;0
170795;1;0;998;0
170796;1;0;998;0
170799;1;0;998;0
170799;2;0;998;0
170801;1;0;998;0
170802;1;0;998;0
170803;1;0;998;0
170804;1;0;998;1
170806;1;0;998;0
170806;2;0;998;0
170837;1;0;998;0
170837;2;0;998;2
170838;1;1;999;99
170839;1;0;998;2
170839;2;0;998;1
170840;1;0;998;1
170841;1;0;998;0
170842;1;0;998;0
170842;2;0;45;0
170843;1;0;998;0
170844;1;0;998;0
170844;2;0;998;0
170845;1;0;998;0
170853;1;0;998;0
170853;2;0;998;0
170854;1;0;998;0
170855;1;0;998;0
170855;2;0;0;0
170856;1;0;998;0
170856;2;0;998;0
170857;1;0;61;1
170857;2;0;998;0
170858;1;0;998;1
170858;2;0;0;998
170859;1;0;57;0
170859;2;0;0;0
170860;1;0;998;0
170861;1;0;998;2
170861;2;0;998;0
170862;1;0;998;0
170863;1;0;998;0
170863;2;0;998;0
170863;3;0;998;0
170864;1;0;998;1
170865;1;0;998;1
170865;2;0;998;0
170866;1;0;998;0
170866;2;0;998;1
170867;1;0;998;0
170867;2;0;998;0
170867;3;0;998;0
170867;4;0;998;0
170868;1;0;998;0
170869;1;0;998;4
170869;2;0;998;1
170870;1;0;998;0
170871;1;0;998;0
170872;1;0;998;0
170873;1;0;998;0
170874;1;0;998;0
170874;2;0;998;0
170877;1;0;998;1
170878;1;0;998;0
170880;1;0;998;0
170880;2;0;998;0
170881;1;0;998;0
170881;2;0;998;0
170882;1;1;998;0
170883;1;0;998;0
170884;1;0;998;0
170885;1;0;30;0
170886;1;0;998;0
170886;2;0;998;0
170887;1;0;998;3
170888;1;0;998;0
170889;1;0;998;0
170901;1;0;998;0
170913;1;0;998;99
170914;1;0;106;0
170914;2;0;998;0
170914;3;0;998;0
170919;1;1;999;99
170922;1;0;998;0
170923;1;0;998;0
170924;1;0;39;4
170925;1;0;998;1
170925;2;0;998;0
170926;1;0;998;99
170926;2;0;998;0
170927;1;0;998;0
170928;1;0;998;0
170929;1;0;998;3
170932;1;0;998;0
170933;1;0;998;1
170933;2;0;998;0
170934;1;0;998;0
170934;2;0;998;0
170935;1;0;998;0
170936;1;0;998;0
170937;1;0;998;0
170938;1;0;998;0
170938;2;0;998;0
170939;1;0;998;0
170940;1;0;998;0
170941;1;0;998;99
170942;1;0;998;0
170943;1;0;998;1
170944;1;0;998;0
170945;1;0;998;0
170946;1;0;998;0
170947;1;0;998;1
170947;2;0;998;0
170948;1;0;998;1
170948;2;0;998;0
170949;1;0;998;2
170950;1;0;998;0
170964;1;1;998;99
170965;1;0;106;0
170966;1;1;998;0
170971;1;0;998;0
170971;2;0;998;0
170972;1;0;998;0
170973;1;0;998;1
170974;1;0;998;0
180716;1;0;998;1
180717;1;0;998;0
180718;1;0;998;0
180719;1;1;998;99
180722;1;0;998;0
180723;1;0;998;0
180724;1;0;998;3
180728;1;0;998;3
180728;2;0;998;0
180730;1;0;998;2
180731;1;0;998;0
180731;2;0;998;0
180732;1;0;998;0
180733;1;0;998;0
180733;2;0;998;0
180734;1;0;998;0
180736;1;1;998;99
180737;1;0;998;0
180737;2;0;998;1
180738;1;0;998;0
180738;2;0;0;0
180738;3;0;0;0
180742;1;0;998;0
180743;1;0;998;0
180746;1;0;998;0
180746;2;0;998;1
180747;1;0;998;1
180748;1;0;0;1
180748;2;0;0;0
180748;3;0;0;0
180748;4;0;998;0
180748;5;0;998;0
180749;1;0;998;0
180750;1;0;998;1
180751;1;0;998;0
180751;2;0;998;0
180752;1;1;998;0
180754;1;0;998;1
180754;2;0;998;0
180757;1;0;998;0
180758;1;0;998;1
180759;1;0;998;0
180759;2;0;998;1
180760;1;0;998;0
180761;1;0;998;0
180762;1;0;998;0
180762;2;1;998;99
180763;1;0;998;0
180765;1;0;998;0
180765;2;0;998;0
180766;1;1;998;99
180767;1;0;998;0
180767;2;0;998;0
180768;1;0;998;1
180768;2;0;998;0
180769;1;0;998;1
180769;2;0;998;0
180770;1;0;998;0
180770;2;0;998;0
180771;1;0;998;0
180773;1;0;998;0
180773;2;0;998;0
180774;1;0;998;0
180775;1;0;998;1
180775;2;0;998;0
180775;3;0;998;0
180776;1;0;998;0
180778;1;0;998;0
180779;1;0;998;3
180779;2;0;998;0
180780;1;0;998;0
180780;2;0;998;0
180780;3;1;998;99
180782;1;0;998;0
180782;2;0;998;0
180783;1;0;998;1
180784;1;0;998;1
180784;2;0;998;99
180785;1;0;998;1
180785;2;0;998;1
180787;1;0;998;0
180787;2;0;998;0
180789;1;0;998;0
180789;2;0;998;0
190256;1;1;998;0
190256;2;0;998;0
190257;1;0;998;0
190258;1;0;998;3
190261;1;0;998;0
190261;2;0;998;0
190263;1;0;998;0
190263;2;0;998;1
190264;1;0;998;0
190264;2;0;998;0
190265;1;0;998;0
190265;2;0;998;2
190266;1;0;998;0
190267;1;1;998;0
190269;1;0;998;0
190269;2;0;998;0
190270;1;0;998;0
190270;2;0;998;1
190272;1;0;998;1
190273;1;0;998;0
190274;1;0;998;0
190275;1;0;998;0
190276;1;0;998;1
190276;2;1;998;0
190277;1;0;998;1
190279;1;0;998;0
190279;2;0;998;2
190280;1;0;998;0
190280;2;0;998;0
190281;1;0;998;1
190282;1;0;998;0
190282;2;0;998;0
190282;3;0;998;1
190283;1;0;998;0
190283;2;0;998;0
200309;1;0;998;1
200309;2;0;998;0
200309;3;0;998;0
200310;1;0;998;1
200311;1;0;998;0
200312;1;0;998;0
200313;1;0;998;0
200314;1;0;998;0
200315;1;0;998;0
200316;1;0;998;0
200316;2;0;998;3
200317;1;0;998;2
200318;1;0;998;0
200318;2;0;998;0
200319;1;0;998;1
200319;2;0;998;0
200320;1;0;998;0
200320;2;0;998;0
200321;1;0;998;0
200321;2;0;998;0
200322;1;0;998;1
200322;2;0;998;0
200322;3;0;998;0
200323;1;0;998;0
200324;1;0;998;1
200325;1;0;998;0
200325;2;0;998;99
200326;1;0;998;0
200326;2;0;55;0
200327;1;0;998;99
200327;2;0;998;0
200328;1;0;998;0
200328;2;0;998;0
200329;1;0;998;0
200330;1;0;998;0
200332;1;0;998;0
210627;1;0;998;0
210627;2;0;998;0
210628;1;0;998;0
210628;2;0;998;0
210629;1;0;998;0
210630;1;1;998;1
210631;1;0;998;0
210632;1;0;998;0
210632;2;0;998;0
210633;1;0;998;1
210633;2;0;998;0
210634;1;0;998;0
210634;2;0;998;0
210635;1;0;53;0
210636;1;0;998;2
210636;2;0;998;0
210637;1;0;55;0
210638;1;0;998;0
210639;1;0;50;0
210639;2;0;50;0
210640;1;0;998;0
210640;2;0;998;0
210641;1;0;120;1
210642;1;0;998;0
210642;2;0;998;0
210643;1;0;998;0
210643;2;0;998;0
210644;1;0;998;0
210644;2;0;0;0
210644;3;0;0;1
210644;4;0;0;0
210645;1;0;53;0
210645;2;0;998;0
210646;1;0;998;0
210646;2;0;998;0
210647;1;0;10;0
210647;2;0;40;0
210648;1;0;998;0
210649;1;0;998;0
210649;2;0;998;0
210650;1;0;998;1
210650;2;0;998;0
210651;1;0;30;1
210652;1;0;998;2
210653;1;0;998;0
210653;2;0;998;0
210654;1;0;998;0
210654;2;0;998;0
210655;1;0;998;0
210656;1;1;998;0
210657;1;0;998;0
210657;2;0;998;0
210658;1;0;998;0
210659;1;0;998;0
210659;2;0;998;0
210660;1;0;998;1
210661;1;0;998;0
210662;1;0;998;0
210662;2;0;998;0
210663;1;0;63;0
210664;1;0;45;0
210665;1;0;998;0
210666;1;0;998;0
210666;2;0;998;0
210666;3;0;998;0
210667;1;0;998;0
210668;1;0;998;0
210668;2;0;998;0
210669;1;0;75;0
210670;1;0;998;0
210670;2;0;998;1
210670;3;0;998;0
210671;1;0;28;0
210672;1;0;998;0
210673;1;0;70;0
210674;1;0;998;1
210674;2;0;998;0
210675;1;0;998;0
210675;2;0;998;0
210676;1;0;93;0
210677;1;0;998;0
210678;1;0;998;0
210679;1;0;65;0
210679;2;0;55;0
210680;1;0;998;0
210680;2;0;998;0
210684;1;0;55;0
210686;1;0;0;0
210686;2;0;998;0
210686;3;0;998;0
210686;4;0;998;0
210688;1;0;998;0
210689;1;0;998;0
210690;1;0;0;0
210690;2;0;998;0
210694;1;0;998;0
210694;2;0;0;0
220614;1;0;50;0
220615;1;0;35;99
220615;2;0;50;0
220616;1;0;70;0
220616;2;0;50;0
220617;1;0;84;0
220617;2;0;65;0
220618;1;0;75;0
220619;1;0;70;1
220620;1;0;55;0
220621;1;1;999;99
220622;1;0;55;0
220623;1;0;55;0
220624;1;0;999;0
220625;1;1;999;0
220625;2;0;0;0
220626;1;0;999;0
220627;1;0;0;0
220628;1;0;80;0
220629;1;0;55;0
220630;1;0;55;0
220631;1;0;60;0
220632;1;0;40;0
220633;1;0;15;0
220633;2;0;62;0
220634;1;0;65;2
220634;2;0;40;0
220635;1;0;999;0
220638;1;0;40;0
220640;1;0;30;0
220640;2;0;30;0
220641;1;0;999;0
220643;1;0;999;0
220644;1;0;999;0
220645;1;0;70;0
220645;2;0;70;0
220645;3;0;70;0
220646;1;0;999;1
220648;1;0;55;0
220649;1;0;65;0
220650;1;0;45;0
220651;1;0;998;0
220652;1;0;998;2
220652;2;0;999;0
220653;1;0;999;1
220654;1;0;998;0
220654;2;0;998;1
220655;1;0;999;1
220656;1;1;999;99
220657;1;0;999;2
220658;1;0;999;0
220658;2;0;50;1
220659;1;0;55;0
220659;2;0;47;0
220660;1;0;998;99
220664;1;0;55;1
220665;1;0;55;0
220665;2;0;55;1
220665;3;0;0;0
220666;1;0;998;0
220667;1;0;45;0
220668;1;0;65;0
220668;2;0;15;0
220672;1;0;35;0
220673;1;0;45;0
220678;1;0;15;0
220678;2;0;50;0
220679;1;1;998;99
220679;2;0;50;0
220679;3;0;50;99
220683;1;0;999;0
220683;2;0;998;0
220683;3;0;998;0
220686;1;0;998;0
230115;1;0;998;0
230119;1;0;998;0
230119;2;0;998;0
230135;1;0;998;0
230136;1;0;998;0
230136;2;0;998;0
230137;1;0;998;0
230138;1;0;998;0
230138;2;0;998;1
230139;1;0;998;0
230139;2;0;998;0
230140;1;0;998;0
230141;1;0;998;0
230143;1;0;998;0
230144;1;0;998;0
230145;1;0;998;0
230146;1;0;998;0
230147;1;0;998;1
230148;1;0;998;0
240344;1;0;998;0
240404;1;0;998;0
240404;2;0;0;998
240414;1;0;998;1
240416;1;0;998;0
240417;1;0;998;0
240418;1;0;998;0
240418;2;0;998;0
240418;3;0;998;0
240419;1;0;998;0
240419;2;0;998;0
240420;1;0;998;0
240421;1;0;998;0
240421;2;0;998;0
240422;1;0;998;0
240422;2;0;998;0
240423;1;0;998;1
240424;1;0;998;0
240425;1;0;998;0
240426;1;0;998;0
240426;2;0;998;0
240427;1;0;998;0
240427;2;0;998;0
240428;1;0;998;0
240428;2;0;998;0
240428;3;0;998;1
240429;1;0;998;1
240430;1;0;998;99
240431;1;0;998;2
240431;2;0;998;0
240431;3;0;998;0
240431;4;0;998;0
240432;1;0;998;0
240432;2;0;998;0
240432;3;0;998;0
240433;1;1;998;0
240434;1;0;998;0
240434;2;0;998;0
240435;1;0;998;0
240435;2;0;998;0
240436;1;0;998;0
240436;2;0;998;1
240437;1;0;998;1
240438;1;0;998;0
240439;1;0;998;0
240440;1;0;998;0
240441;1;0;998;0
240442;1;0;998;0
240443;1;0;998;3
240444;1;0;998;0
240444;2;0;998;99
240445;1;0;998;998
240446;1;0;998;0
240446;2;0;998;0
240447;1;0;998;0
240448;1;1;998;99
240449;1;0;998;0
240450;1;0;998;99
240450;2;0;998;0
240451;1;0;998;0
240451;2;0;998;0
240452;1;0;998;0
240453;1;0;998;0
240453;2;0;998;0
240454;1;0;998;0
240455;1;0;998;0
240457;1;1;998;0
240458;1;0;998;0
240458;2;0;998;0
240459;1;0;998;0
240460;1;0;998;0
240463;1;0;998;0
240464;1;0;998;0
240466;1;0;998;0
250190;1;0;998;0
250190;2;0;0;0
250201;1;0;998;0
250204;1;0;998;0
250204;2;0;998;4
250205;1;0;998;0
250206;1;0;998;1
250207;1;0;998;0
250207;2;0;998;0
250208;1;0;998;1
250208;2;0;998;0
250209;1;0;998;1
250210;1;0;998;1
250210;2;0;998;0
250214;1;0;998;0
250215;1;0;998;0
250215;2;0;998;0
250216;1;0;998;0
250218;1;0;998;0
250218;2;0;998;0
250257;1;1;999;99
250271;1;0;998;0
250278;1;0;998;0
250278;2;0;998;0
250281;1;0;998;0
250282;1;0;998;1
250283;1;0;998;0
250284;1;1;998;0
250288;1;1;998;99
260804;1;0;998;0
260804;2;0;998;0
260805;1;0;998;0
260806;1;0;998;0
260808;1;0;998;0
260809;1;0;998;0
260810;1;0;998;3
260812;1;0;998;1
260814;1;0;998;0
260816;1;1;998;99
260817;1;0;998;0
260818;1;0;998;1
260819;1;0;998;0
260820;1;0;998;0
260821;1;0;998;0
260823;1;0;998;0
260823;2;0;998;99
260824;1;0;998;0
260826;1;0;998;1
260826;2;0;998;0
260827;1;0;998;0
260829;1;1;998;99
260829;2;0;998;0
260830;1;0;998;2
260831;1;0;998;0
260832;1;0;998;0
260832;2;0;998;0
260833;1;1;998;1
260833;2;0;0;2
260834;1;0;998;0
260834;2;0;998;0
260835;1;0;998;0
260836;1;0;998;0
260837;1;0;998;0
260837;2;0;998;0
260839;1;0;998;1
260840;1;0;998;0
260840;2;0;998;0
260841;1;0;998;0
260841;2;0;998;0
260842;1;0;998;0
260842;2;0;998;1
260843;1;0;998;0
260843;2;0;998;0
260844;1;0;998;0
260844;2;0;998;1
260845;1;0;998;0
260846;1;0;998;0
260846;2;0;998;1
260847;1;0;998;0
260848;1;0;998;0
260849;1;0;998;1
260850;1;0;998;0
260850;2;0;998;0
260851;1;0;998;0
260851;2;0;998;0
260856;1;0;998;0
260856;2;0;998;0
260857;1;0;998;0
260858;1;0;998;0
260859;1;0;998;0
260859;2;0;998;0
260861;1;0;998;0
260862;1;0;998;0
260863;1;0;998;0
260864;1;0;998;2
260865;1;0;998;0
260866;1;0;998;1
260867;1;0;998;1
260868;1;0;998;3
260868;2;0;998;0
260868;3;0;998;1
260869;1;0;998;0
260870;1;0;998;0
260870;2;0;998;0
260871;1;0;998;1
260871;2;0;998;0
260872;1;0;998;0
260873;1;0;998;0
260874;1;0;998;3
260874;2;0;998;1
260874;3;0;998;1
260875;1;0;998;0
260876;1;0;998;3
260877;1;0;998;0
260877;2;0;0;99
260878;1;0;998;0
260878;2;0;998;2
260882;1;0;998;1
260883;1;0;998;0
260884;1;0;998;0
260885;1;0;998;0
260896;1;0;998;0
260896;2;0;998;0
260907;1;0;998;0
260907;2;0;998;0
260908;1;0;998;0
260908;2;0;998;1
260909;1;0;998;0
260909;2;0;998;0
260909;3;0;998;0
260910;1;0;998;2
260910;2;0;998;0
270338;1;0;45;0
270338;2;0;998;0
270341;1;0;999;0
270341;2;0;60;0
270343;1;0;55;0
270343;2;0;55;0
270344;1;0;55;0
270344;2;0;0;998
270345;1;0;998;0
270353;1;0;44;1
270353;2;0;30;0
270354;1;0;999;0
270354;2;0;4;1
270355;1;0;55;0
270356;1;0;60;0
270357;1;0;999;0
270358;1;0;0;0
270358;2;0;0;1
270358;3;0;63;0
270359;1;0;10;0
270359;2;0;55;0
270360;1;0;30;0
270361;1;0;999;2
270362;1;1;998;0
270363;1;0;55;0
270364;1;0;998;0
270365;1;0;998;0
270366;1;0;999;1
270367;1;0;56;0
270368;1;0;60;0
270368;2;0;60;1
270369;1;0;999;0
270370;1;0;53;0
270371;1;0;999;0
270371;2;0;998;0
270372;1;0;998;0
270373;1;0;998;0
270373;2;0;998;0
270374;1;0;999;2
270375;1;0;999;0
270375;2;0;999;0
270376;1;0;999;2
270377;1;0;998;99
270377;2;0;998;1
270378;1;1;998;99
270382;1;0;999;0
280524;1;0;998;0
280524;2;0;998;0
280530;1;0;50;2
280531;1;0;998;0
280531;2;1;999;99
280532;1;0;5;0
280532;2;0;55;0
280533;1;0;999;0
280534;1;0;65;0
280534;2;0;999;0
280535;1;1;998;99
280536;1;0;65;0
280536;2;0;65;0
280536;3;0;65;0
280543;1;0;55;0
280543;2;0;999;0
280544;1;0;998;0
280545;1;0;65;0
280546;1;0;998;0
280546;2;0;998;1
280547;1;0;72;0
280547;2;0;999;0
280547;3;0;55;0
280548;1;0;998;0
280548;2;0;998;0
280549;1;0;999;1
280549;2;0;60;0
280550;1;0;998;0
280551;1;0;0;0
280551;2;0;998;0
280552;1;0;998;0
280553;1;0;55;0
280553;2;0;998;0
280554;1;0;998;0
280554;2;0;998;0
280555;1;0;998;0
280555;2;0;50;0
280556;1;0;70;0
280557;1;0;45;0
280557;2;0;998;0
280558;1;0;5;0
280558;2;0;65;0
280559;1;0;65;0
280560;1;0;55;0
280560;2;0;998;1
280561;1;0;50;0
280561;2;0;999;0
280562;1;0;80;0
280563;1;0;50;0
280564;1;0;90;0
280565;1;1;998;99
280566;1;0;999;0
280566;2;0;999;0
280567;1;0;65;0
280568;1;0;50;0
280569;1;0;65;1
280569;2;0;999;0
280570;1;0;55;0
280571;1;0;998;0
280572;1;0;999;0
280573;1;0;999;0
280573;2;0;999;0
280574;1;0;99;0
280603;1;0;998;0
280604;1;0;998;0
280604;2;0;998;0
280605;1;0;998;0
280605;2;0;998;0
280606;1;0;998;0
290727;1;0;998;0
290729;1;0;998;0
290730;1;0;998;0
290731;1;0;998;0
290731;2;0;71;0
290732;1;0;998;0
290734;1;0;998;0
290735;1;0;57;0
290736;1;0;999;0
290737;1;0;998;0
290738;1;0;999;0
290739;1;0;998;1
290740;1;0;998;0
290741;1;0;998;0
290742;1;0;49;0
290743;1;0;998;1
290744;1;0;29;0
290744;2;0;48;0
290753;1;0;998;0
290754;1;0;998;0
290754;2;0;0;0
290757;1;0;998;0
290759;1;0;998;0
290760;1;0;998;0
290761;1;0;998;1
290761;2;0;998;0
290762;1;0;998;0
290764;1;0;998;0
290764;2;0;998;0
290765;1;0;998;0
290765;2;0;998;0
290766;1;0;998;0
290766;2;0;998;0
290767;1;0;0;0
290767;2;0;998;1
290768;1;0;98;0
290768;2;0;36;0
290769;1;0;998;0
290770;1;0;57;0
290771;1;0;998;0
290772;1;0;998;0
290772;2;0;998;0
290773;1;0;998;99
290773;2;0;998;0
290774;1;0;998;0
290775;1;0;998;4
290776;1;0;41;2
290776;2;0;45;0
290777;1;0;999;2
290777;2;0;999;0
290777;3;0;999;0
290778;1;0;998;0
290790;1;0;998;0
290790;2;0;998;0
290791;1;0;998;1
290791;2;0;998;99
290792;1;0;998;0
290792;2;0;998;0
290793;1;0;998;0
290793;2;0;998;0
290796;1;0;998;1
290796;2;0;998;0
290799;1;0;998;1
290800;1;0;998;0
290800;2;0;998;0
290801;1;0;998;1
290801;2;0;998;1
290801;3;0;998;0
290802;1;0;998;0
290805;1;0;998;0
290805;2;0;998;2
290805;3;0;998;0
290805;4;0;998;0
290805;5;0;998;0
290805;6;0;998;0
290806;1;0;106;0
290807;1;0;134;0
290808;1;0;64;0
290809;1;1;998;99
290811;1;0;998;0
290812;1;0;998;0
290812;2;0;998;1
290816;1;0;41;0
290817;1;1;998;99
290818;1;0;998;0
290818;2;0;998;0
290819;1;0;998;2
290819;2;0;998;0
290819;3;1;998;99
290819;4;1;998;99
290820;1;0;998;0
290822;1;0;998;1
300190;1;0;71;0
300191;1;0;998;0
300192;1;0;998;0
300192;2;0;998;2
300192;3;0;998;0
300192;4;0;998;0
300193;1;0;998;0
300194;1;0;55;0
300195;1;0;998;0
300196;1;0;998;0
300197;1;0;998;3
300198;1;0;998;0
300199;1;0;998;0
300199;2;0;998;0
300200;1;0;998;0
300200;2;0;998;4
300201;1;0;998;99
300202;1;0;998;1
300202;2;0;998;0
300203;1;0;998;0
310198;1;0;998;0
310198;2;0;998;0
310199;1;1;999;99
310200;1;0;998;2
310200;2;0;998;0
310205;1;0;998;0
310205;2;0;998;1
310206;1;0;998;0
310207;1;0;998;0
310207;2;0;998;0
310208;1;0;998;0
310208;2;0;998;0
310210;1;1;998;1
310211;1;0;998;1
310212;1;0;998;0
310213;1;0;998;0
310214;1;0;83;0
310215;1;0;998;0
310217;1;0;998;2
310217;2;0;998;0
310218;1;0;998;0
310218;2;0;998;0
310219;1;0;998;0
310219;2;0;998;0
310219;3;0;0;0
320228;1;0;999;0
320228;2;0;41;0
320236;1;1;88;0
320236;2;0;998;0
320237;1;0;80;0
320243;1;0;42;0
320244;1;0;55;0
320248;1;0;70;1
320248;2;0;998;0
320249;1;0;75;0
320249;2;0;33;0
320250;1;0;75;0
320250;2;0;24;0
320254;1;0;998;0
320255;1;0;35;0
320256;1;0;100;0
320261;1;0;998;0
320262;1;0;33;0
320265;1;0;998;0
320265;2;0;998;0
320271;1;0;60;0
320274;1;0;998;1
320275;1;0;998;1
320276;1;0;998;2
320277;1;0;80;0
320277;2;0;80;0
320277;3;0;80;0
320285;1;0;998;0
320286;1;0;33;0
320287;1;1;998;99
320288;1;0;998;0
320288;2;0;998;0
320289;1;0;998;0
320289;2;0;998;1
320290;1;1;998;0
320291;1;0;998;0
320292;1;0;998;0
320293;1;0;79;0
320294;1;0;998;0
320294;2;0;998;0
320294;3;0;998;0
330089;1;0;998;0
330091;1;0;998;0
330092;1;0;998;0
330092;2;0;998;0
330093;1;0;120;0
330094;1;0;998;0
330095;1;0;0;998
330096;1;0;998;0
330096;2;0;998;1
330097;1;0;998;1
330098;1;0;998;0
330099;1;0;998;1
330099;2;0;998;0
330100;1;0;998;0
330101;1;0;998;0
330101;2;0;998;99
330102;1;0;998;0
330103;1;0;998;1
330103;2;0;998;0
340389;1;0;998;0
340390;1;0;998;0
340391;1;0;998;0
340391;2;0;998;1
340392;1;0;998;0
340392;2;0;998;0
340393;1;0;998;0
340393;2;0;998;0
340394;2;0;998;0
340395;1;0;998;0
340396;1;0;998;0
340398;1;1;998;0
340399;1;0;998;0
340400;1;0;998;0
340401;1;0;998;0
340401;2;0;998;0
340402;1;0;998;1
340403;1;0;998;5
340403;2;0;998;0
340413;1;0;998;0
340413;2;0;998;0
340413;3;0;998;0
340414;1;0;998;0
340414;2;0;998;0
340415;1;0;998;0
340420;1;0;998;0
340420;2;0;998;0
340421;1;0;998;1
340423;1;0;998;0
340424;1;0;998;0
340425;1;0;998;0
340425;2;0;998;0
340467;1;0;998;0
340468;1;0;998;0
340474;1;1;998;0
340475;1;0;998;0
340475;2;0;998;0
340480;1;0;998;0
340481;1;0;998;0
340490;1;0;998;0
340490;2;0;998;0
340495;1;0;998;0
340496;1;0;998;0
340497;1;0;998;0
340498;1;0;998;0
340505;1;0;998;0
340505;2;0;998;0
340506;1;1;998;99
340506;2;0;998;0
340507;1;0;998;0
340508;1;0;998;0
340509;1;0;998;0
340510;1;0;998;0
340511;1;0;998;0
340512;1;0;47;0
340512;2;0;998;0
340513;1;0;998;0
340514;1;0;998;0
340514;2;0;998;0
340515;1;0;998;0
340516;1;0;998;0
340517;1;0;998;99
340519;1;0;998;0
340521;1;0;998;1
340522;1;0;998;0
340522;2;0;998;0
340523;1;0;998;0
340524;1;0;998;0
340525;1;0;998;0
340526;1;0;998;1
340527;1;0;998;99
340527;2;0;998;0
340527;3;0;998;0
340528;1;0;998;0
340528;2;0;998;1
340529;1;0;998;0
340530;1;0;998;0
340530;2;0;998;0
340530;3;1;998;99
340530;4;1;998;99
340531;1;0;998;0
340532;1;0;998;1
350243;1;0;998;0
350245;1;1;998;99
350246;1;0;998;0
350247;1;0;998;0
350249;1;0;998;0
350250;1;0;998;0
350251;1;0;998;1
350252;1;0;998;0
350252;2;0;999;0
350253;1;0;998;0
350253;2;0;998;0
350254;1;0;998;0
350255;1;0;998;0
350255;2;0;998;0
350256;1;0;998;0
350256;2;0;998;0
350257;1;0;998;3
350258;1;0;998;0
350258;2;0;998;0
350259;1;0;998;99
350260;1;0;998;0
350261;1;0;998;0
350261;2;0;998;0
350262;1;0;998;1
350263;1;0;998;0
350264;1;0;998;0
350265;1;0;998;0
350265;2;0;998;0
350266;1;0;998;99
350266;2;0;998;0
350266;3;0;998;99
350267;1;0;998;0
350268;1;0;998;0
350271;1;0;0;0
350271;2;0;0;0
350271;3;0;0;0
350271;4;0;0;0
350271;5;0;65;2
350272;1;0;998;0
350272;2;0;0;1
350272;3;0;998;1
350272;4;0;0;0
350272;5;0;998;0
360890;1;0;999;0
360890;2;0;999;0
360895;1;0;999;0
360896;1;1;999;99
360897;1;0;999;0
360898;1;0;999;0
360899;1;0;999;0
360899;2;0;999;0
360899;3;0;999;0
360900;1;0;999;0
360906;1;0;999;0
360907;1;0;999;0
360908;1;0;999;2
360908;2;0;999;0
360908;3;0;999;1
360911;1;0;999;0
360912;1;0;999;1
360912;2;0;999;0
360913;1;0;999;0
360915;1;0;999;0
360916;1;0;75;0
360917;1;1;999;0
360918;1;0;999;0
360919;1;1;999;99
360920;1;1;999;99
360921;1;0;999;0
360921;2;0;999;1
360922;1;0;999;1
360923;1;1;999;99
360924;1;0;999;0
360924;2;0;999;0
360925;1;0;999;0
360926;1;0;999;0
360927;1;0;999;0
360928;1;0;45;0
360929;1;0;999;0
360930;1;0;999;0
360931;1;0;999;0
360931;2;0;999;0
360931;3;0;999;0
360932;1;0;999;0
360933;1;0;999;0
360933;2;0;999;0
360934;1;0;999;0
360934;2;0;999;0
360935;1;0;999;0
360936;1;0;999;3
360936;2;0;999;0
360936;3;0;999;0
360937;1;0;999;0
360939;1;0;999;2
360940;1;0;999;0
360940;2;0;999;0
360941;1;0;999;0
360942;1;0;999;0
360944;1;0;999;0
360945;1;0;999;0
360945;2;0;999;0
360946;1;0;999;0
360948;1;0;999;0
360948;2;0;999;0
360948;3;0;999;0
360965;1;0;55;0
360965;2;0;50;0
360966;1;0;999;0
360967;1;0;30;0
360968;1;0;999;0
360968;2;0;999;0
360969;1;0;65;1
360970;1;0;999;0
360970;2;0;999;0
360971;1;0;999;0
360972;1;0;35;0
360973;1;0;999;0
360974;1;0;999;1
360975;1;0;999;1
360976;1;0;55;0
360976;2;0;10;0
360977;1;0;999;0
360978;1;0;999;0
360978;2;0;999;0
360979;1;0;999;0
360980;1;0;999;1
360980;2;0;999;0
360981;1;1;999;99
360981;2;1;999;99
360982;1;0;999;0
360987;1;0;999;0
360988;1;0;999;0
360989;1;0;86;0
360990;1;0;999;0
360992;1;0;999;0
360992;2;0;999;1
360993;1;0;999;0
360993;2;0;999;0
360995;1;0;999;0
360995;2;1;999;99
360995;3;0;999;0
360996;1;0;999;0
360996;2;0;999;0
360997;1;0;999;0
360998;1;0;999;0
360999;1;0;999;0
361000;1;0;999;1
361001;1;0;999;0
361001;2;1;999;99
361002;1;0;999;0
361002;2;0;999;0
361003;1;0;999;0
361004;1;1;999;99
361005;1;0;999;0
361005;2;0;999;0
361006;1;0;999;0
361007;1;0;999;0
361009;1;0;999;0
361011;1;1;999;99
361013;1;0;999;0
361014;1;0;999;0
361020;1;0;60;0
361020;2;0;999;0
361021;1;0;999;0
361021;2;0;999;0
361032;1;0;998;0
361034;1;0;999;0
361034;2;0;999;0
361036;1;0;999;1
361036;2;0;999;0
361043;1;0;998;4
361044;1;0;998;1
361045;1;0;998;0
371161;1;1;45;99
371162;1;0;45;0
371163;1;0;75;2
371163;2;0;45;0
371163;3;0;0;998
371164;1;0;90;0
371165;1;0;55;0
371166;1;0;50;0
371167;1;0;75;1
371168;1;0;55;0
371168;2;0;45;0
371168;3;0;45;0
371169;1;0;25;0
371169;2;0;75;0
371170;1;0;20;0
371171;1;0;65;0
371172;1;0;45;0
371173;1;0;35;0
371173;2;0;45;0
371174;1;0;50;0
371175;1;0;55;0
371175;2;0;65;0
371176;1;0;5;0
371176;2;0;50;0
371177;1;0;55;0
371178;1;0;60;0
371179;1;0;55;2
371179;2;0;10;0
371180;1;0;75;0
371180;2;0;45;1
371181;1;0;50;0
371181;2;0;45;0
371182;1;0;55;0
371182;2;0;55;0
371183;1;0;25;0
371184;1;0;55;1
371184;2;0;50;0
371185;1;0;50;1
371186;1;0;60;0
371187;1;0;45;0
371187;2;1;45;0
371188;1;0;70;0
371189;1;0;5;0
371189;2;0;40;0
371190;1;0;50;0
371191;1;0;70;0
371192;1;0;35;0
371192;2;0;25;0
371193;1;0;85;0
371194;1;0;65;0
371195;1;0;60;0
371195;2;0;50;1
371196;1;0;40;1
371196;2;0;45;0
371197;1;0;20;0
371197;2;0;56;0
371198;1;0;60;0
371199;1;0;45;0
371200;1;0;70;0
371200;2;0;30;0
371201;1;0;35;0
371201;2;0;35;0
371202;1;0;20;1
371203;1;0;40;0
371203;2;0;35;0
371204;1;0;45;0
371204;2;0;10;0
371205;1;0;55;0
371206;1;0;55;0
371206;2;0;35;0
371207;1;0;60;0
371207;2;0;45;1
371208;1;0;50;0
371208;2;0;50;0
371209;1;0;75;1
371210;1;0;29;0
371210;2;0;5;0
371211;1;0;55;0
371212;1;0;55;0
371212;2;0;0;0
371213;1;0;55;0
371214;1;0;60;0
371215;1;0;75;2
371216;1;0;10;0
371216;2;0;60;0
371217;1;0;65;0
371217;2;0;50;0
371218;1;0;30;0
371219;1;0;55;0
371220;1;0;45;1
371221;1;0;45;0
371222;1;0;60;0
371223;1;1;60;0
371224;1;0;65;0
371224;2;0;75;0
371225;1;0;92;0
371226;1;0;50;0
371227;1;0;114;0
371227;2;0;55;0
371228;1;0;5;0
371228;2;0;69;0
371229;1;0;0;0
371229;2;0;49;0
371229;3;0;0;0
371229;4;0;23;0
371230;1;1;5;0
371231;1;0;998;2
371231;2;0;998;0
371232;1;0;35;0
371233;1;0;55;1
371234;1;0;83;0
371235;1;0;70;1
371236;1;0;55;0
371237;1;0;80;0
371238;1;0;55;1
371238;2;0;0;0
371239;1;0;20;0
371240;1;0;75;0
371241;1;0;55;2
371242;1;0;999;1
371243;1;0;55;0
371244;1;0;100;0
371245;1;0;60;2
371246;1;0;55;0
371246;2;0;10;0
371247;1;0;40;0
371247;2;0;55;0
371248;1;0;45;0
371249;1;0;45;0
371249;2;0;55;2
371250;1;0;55;0
371251;1;0;0;998
371251;2;0;60;0
371252;1;0;15;0
371252;2;0;35;0
371253;1;0;60;1
371253;2;0;45;0
371254;1;0;15;0
371254;2;0;55;0
371254;3;0;55;0
371255;1;0;110;0
371255;2;0;0;0
371256;1;0;108;0
371256;2;0;35;1
371257;1;0;45;0
371257;2;0;35;0
371257;3;0;45;0
371258;1;0;46;0
371258;2;0;60;1
371259;1;0;80;1
371264;1;0;65;1
371265;1;0;60;3
371265;2;0;45;0
371266;1;0;75;0
371267;1;0;75;0
371268;1;0;65;2
371268;2;0;55;0
371269;1;0;55;0
371269;2;0;55;0
371270;1;0;65;0
371270;2;0;50;1
371271;1;0;35;0
371277;1;0;45;0
371277;2;0;45;0
371278;1;0;35;0
371279;1;0;10;0
371281;1;0;10;0
371281;2;0;55;0
371282;1;0;60;0
371283;1;0;45;0
371283;2;0;55;0
380107;1;0;998;0
380107;2;0;998;2
380107;3;0;998;0
380108;1;0;998;0
380108;2;0;998;1
380109;1;0;73;0
380110;1;0;999;1
380111;1;0;50;0
380112;1;0;998;0
380113;1;0;998;0
380113;2;0;998;0
380114;1;0;999;0
380115;1;0;998;0
380116;1;0;998;2
390919;1;0;998;0
390934;1;0;998;1
390935;1;0;998;0
390936;1;0;35;0
390939;1;0;998;0
390939;2;0;998;0
390947;1;0;60;0
390948;1;0;5;0
390948;2;0;60;0
390949;1;0;998;0
390949;2;0;45;1
390950;1;1;35;1
390951;1;0;45;2
390968;1;0;998;0
390968;2;0;998;1
390969;1;0;998;0
390970;1;0;15;0
390973;1;0;998;0
390973;2;0;40;0
390974;1;0;73;3
390975;1;0;998;0
390975;2;0;50;0
390976;1;0;30;0
390977;1;0;998;0
390979;1;0;998;99
390979;2;0;998;0
390980;1;0;998;0
390981;1;0;998;0
390983;1;0;5;0
390983;2;0;65;0
390984;1;1;998;0
390985;1;0;10;0
390986;1;0;45;0
390987;1;0;55;0
390988;1;0;998;1
390988;2;0;35;0
390989;1;0;998;1
390990;1;0;65;1
390993;1;0;998;3
390994;1;0;998;0
390996;1;0;998;0
390996;2;0;998;1
390997;1;0;998;1
390998;1;0;998;1
390998;2;0;998;1
390999;1;0;50;0
391000;1;0;998;0
391001;1;0;998;3
391002;1;0;998;4
391003;1;0;998;0
391003;2;0;10;0
391003;3;0;0;0
391004;1;0;998;1
391004;2;0;45;2
391006;1;0;998;0
391006;2;0;63;1
391007;1;1;998;99
391007;2;0;998;0
391008;1;0;55;0
391008;2;0;55;0
391009;1;0;20;0
391009;2;0;50;1
391011;1;0;20;0
391011;2;0;30;0
391015;1;0;998;0
391015;2;1;998;1
391016;1;0;40;1
391017;1;0;998;0
391018;1;0;50;0
391018;2;0;0;998
391019;1;0;998;0
391019;2;0;998;2
391020;1;0;998;2
391020;2;0;998;0
391021;1;0;998;1
391022;1;0;998;0
391022;2;0;998;0
391023;1;0;998;0
391023;2;0;998;1
391024;1;0;998;0
391024;2;0;998;0
391025;1;0;998;1
391026;1;0;998;1
391026;2;0;998;0
391027;1;0;998;0
391028;1;0;998;2
391029;1;0;35;2
391029;2;0;10;1
391032;1;0;35;0
391033;1;0;998;1
391034;1;0;35;1
391034;2;1;60;99
391035;1;0;0;0
391035;2;0;998;0
391036;1;0;998;0
391036;2;0;998;0
391041;1;0;50;1
391041;2;0;998;2
391043;1;0;998;0
391045;1;0;35;0
391045;2;0;5;0
391046;1;0;62;1
391047;1;0;70;0
391050;1;0;30;0
391050;2;0;998;0
391051;1;0;998;0
391051;2;0;5;0
391058;1;0;40;0
391060;1;0;998;0
391061;1;0;25;1
391062;1;0;45;1
391063;1;0;998;0
391063;2;0;998;0
391064;1;0;998;2
391065;1;0;15;0
391065;2;0;0;0
391066;1;0;66;0
391066;2;0;0;0
391066;3;0;0;0
391068;1;0;55;0
391069;1;0;998;0
391070;1;0;35;0
391070;2;0;998;0
391071;1;0;45;0
391071;2;0;0;0
391072;1;0;998;0
391072;2;0;998;0
400509;1;0;998;0
400514;1;0;998;0
400518;1;0;998;0
400519;1;0;998;0
400519;2;0;998;0
400520;1;0;998;0
400521;1;0;998;0
400521;2;0;998;0
400524;1;0;998;0
400524;2;0;998;0
400525;1;0;998;1
400529;1;0;998;0
400529;2;0;998;0
400530;1;0;998;0
400530;2;0;998;0
400535;1;0;998;0
400536;1;0;0;998
400537;1;0;998;0
400538;1;0;998;2
400539;1;0;998;1
400546;1;0;998;2
400547;1;0;998;1
400547;2;0;998;0
400547;3;0;0;1
400548;1;0;998;0
400551;1;0;100;0
400552;1;0;998;0
400556;1;0;68;3
400557;1;0;998;0
400557;2;0;998;0
400558;1;0;998;0
400560;1;0;998;0
400561;1;0;998;0
400561;2;0;998;0
400563;1;0;998;1
400564;1;0;998;0
400564;2;0;999;0
400566;1;0;998;0
400566;2;0;998;0
400567;1;0;998;0
400568;1;0;998;0
400568;2;0;998;0
400569;1;0;998;1
400570;1;0;998;7
400570;2;0;998;3
400571;1;0;998;2
400571;2;0;998;0
400572;1;0;0;0
400573;1;0;998;0
400575;1;0;998;0
400575;2;0;998;1
400576;1;0;998;0
400577;1;0;998;0
400578;1;0;998;3
400583;1;0;998;0
400583;2;0;998;0
400584;1;0;998;0
400584;2;0;0;0
400586;1;0;998;0
400586;2;0;59;0
400587;1;0;998;0
400591;1;0;998;0
400591;2;0;998;0
400592;1;0;998;1
400592;2;0;998;0
400593;1;0;998;0
400593;2;0;998;0
400593;3;0;0;0
410341;1;0;998;2
410341;2;0;998;99
410341;3;0;998;0
410342;1;0;998;0
410342;2;0;998;0
410343;1;0;998;0
410344;1;0;998;0
410344;2;0;998;0
410344;3;0;998;0
410345;1;0;998;0
410345;2;0;998;0
410346;1;0;998;1
410347;1;0;998;0
410348;1;0;998;0
410348;2;0;998;0
410349;1;0;998;0
410349;2;0;998;0
410350;1;0;998;0
410351;1;0;998;0
410351;2;0;998;1
410352;1;0;998;1
410353;1;0;998;0
410354;1;0;998;0
410355;1;0;998;3
410355;2;0;998;0
410356;1;0;998;0
410357;1;0;998;0
410358;1;0;998;0
410359;1;0;998;0
410359;2;0;998;0
410359;3;0;998;0
410361;1;0;998;0
410361;2;0;998;0
410362;1;0;998;0
410362;2;0;998;0
410363;1;0;998;0
410363;2;0;998;0
410364;1;0;998;0
410364;2;0;998;0
410365;1;0;998;0
410365;2;0;998;0
410365;3;0;998;1
410366;1;0;998;0
410366;2;0;998;1
410367;1;0;998;1
410368;1;0;998;0
410369;1;0;998;0
410397;1;0;998;0
410397;2;0;998;0
410398;1;0;998;0
410399;1;0;998;0
410399;2;0;998;1
410406;1;0;998;0
410407;1;0;998;0
410408;1;0;998;0
410409;1;0;998;0
410410;1;0;998;0
410411;1;0;998;99
410412;1;0;998;0
410413;1;0;998;0
410414;1;0;998;2
410415;1;0;998;0
420497;1;0;999;0
420498;1;0;999;0
420499;1;0;999;0
420501;1;0;999;0
420505;1;0;75;0
420533;1;0;999;0
420539;1;0;60;0
420540;1;0;999;0
420541;1;0;70;0
420542;1;0;999;1
420543;1;0;999;0
420577;1;0;999;998
420578;1;0;999;0
420579;1;0;999;0
420580;1;0;999;0
420581;1;0;25;0
420582;1;0;40;0
420583;1;0;100;0
420584;1;0;75;1
420597;1;0;999;0
420597;2;0;45;0
420599;1;0;59;0
420599;2;0;42;0
420601;1;0;100;0
420601;2;0;50;0
420611;1;0;999;0
420611;2;0;999;0
420612;1;0;999;0
420612;2;0;999;0
420620;1;0;40;2
420620;2;0;22;0
420641;1;0;90;0
420641;2;0;55;0
420644;1;0;999;0
420644;2;0;999;0
420646;1;0;78;0
420654;1;0;999;0
420654;2;0;999;0
420654;3;0;999;0
420654;4;0;0;0
420681;1;0;999;0
420681;2;0;999;1
420689;1;0;40;0
420689;2;0;40;0
420705;1;0;90;0
420707;1;0;998;99
420707;2;0;998;99
420730;1;0;55;0
420763;1;0;55;0
420763;2;0;55;0
420764;1;0;80;0
420764;2;0;10;0
420767;1;0;999;2
420770;1;0;50;0
420770;2;0;40;0
420779;1;0;50;0
420780;1;0;51;0
420781;1;0;999;1
420781;2;0;999;0
420781;3;0;37;0
420784;1;0;30;0
420784;2;0;30;0
420785;1;0;999;0
420799;1;0;5;0
420850;1;0;50;0
420850;2;0;40;0
420865;1;0;45;1
420877;1;1;999;1
420879;1;0;35;0
420879;2;0;35;0
420879;3;0;35;0
420895;1;0;0;998
420895;2;0;60;0
420900;1;0;60;0
420907;1;0;55;0
420908;1;0;55;0
420911;1;0;55;0
420939;1;0;999;1
420939;2;0;999;0
420941;1;0;41;0
420942;1;0;55;0
420942;2;0;0;0
420943;1;0;999;0
420945;1;0;40;0
420946;1;0;999;1
420946;2;0;999;0
420947;1;0;55;0
420954;1;0;30;0
420955;1;0;35;0
420956;1;0;999;0
420957;1;0;55;0
420958;1;0;45;1
420993;1;0;70;99
420994;1;0;90;0
420995;1;0;999;0
420996;1;0;35;0
421031;1;0;50;2
421033;1;0;999;0
421045;1;0;999;0
421045;2;0;0;0
421046;1;0;999;0
421047;1;0;999;0
421047;2;0;999;0
421048;1;0;999;0
421048;2;0;5;0
421072;1;0;55;0
421083;1;0;55;0
421085;1;0;999;0
421087;1;0;45;0
421087;2;0;45;0
421090;1;0;35;0
421090;2;0;35;0
421092;1;0;999;0
421092;2;0;35;0
421096;1;0;70;1
421096;2;0;55;0
421096;3;0;55;1
421098;1;0;999;0
421098;2;0;999;0
421099;1;0;999;0
421099;2;0;999;0
421101;1;0;45;0
421101;2;0;25;0
421102;1;0;999;0
421102;2;0;0;0
421102;3;0;0;0
421102;4;0;0;0
421103;1;0;999;0
421103;2;0;999;0
440038;1;0;30;0
440038;2;0;998;0
440039;1;0;999;99
440040;1;0;998;0
440041;1;0;30;0
440042;1;0;57;0
450815;1;0;45;2
450815;2;0;0;1
450815;3;0;20;0
450816;1;0;50;3
450817;1;0;0;998
450817;2;0;70;0
450824;1;0;45;0
450824;2;0;55;0
450825;1;0;45;4
450825;2;0;10;1
450826;1;0;72;0
450826;2;0;0;0
450827;1;0;55;0
450827;2;0;55;0
450828;1;0;55;0
450829;1;0;50;0
450830;1;0;45;0
450831;1;0;50;0
450832;1;0;55;0
450832;2;0;55;0
450832;3;0;15;0
450833;1;0;45;0
450834;1;0;60;1
450834;2;0;60;0
450834;3;0;65;1
450834;4;0;65;0
450853;1;0;998;0
450853;2;0;998;1
450854;1;0;5;998
450855;1;0;45;2
450855;2;0;45;0
450855;3;0;45;0
450856;1;0;50;1
450857;1;0;40;1
450857;2;0;40;0
450857;3;0;40;0
450858;1;0;10;0
450858;2;0;50;0
450859;1;0;65;0
450860;1;0;30;3
450861;1;0;55;0
450862;1;0;89;2
450863;1;0;60;2
450864;1;0;57;0
450864;2;0;41;4
450865;1;0;60;0
450866;1;0;45;0
450866;2;0;50;3
450867;1;0;55;1
450868;1;0;40;0
450868;2;0;50;0
450869;1;0;60;0
450869;2;0;35;0
450869;3;0;30;1
450869;4;0;20;1
450870;1;0;45;3
450871;1;0;55;1
450871;2;0;55;0
450872;1;0;50;0
450872;2;0;45;1
450873;1;0;55;0
450874;1;0;60;0
450875;1;0;10;0
450875;2;0;35;0
450875;3;0;5;0
450876;1;0;55;1
450876;2;0;55;0
450877;1;0;70;0
450878;1;0;45;0
450878;2;0;45;0
450879;1;0;40;0
450880;4;0;65;2
450881;1;0;75;0
450881;2;0;15;0
450882;1;0;55;4
450883;1;0;15;0
450883;2;0;35;0
450884;1;0;20;0
450884;2;0;50;2
450885;1;0;55;1
450886;1;0;55;0
450887;1;0;40;0
450887;2;0;35;0
450888;1;0;45;0
450889;1;0;50;0
450889;2;0;50;0
450889;3;0;66;1
450890;1;0;35;0
450891;1;0;40;99
450891;2;0;40;0
450892;1;0;52;0
450893;1;0;35;0
450894;1;0;10;0
450894;2;0;10;0
450894;3;0;60;0
450895;1;0;55;0
450896;1;0;45;0
450896;2;0;45;0
450897;1;0;90;0
450898;1;0;55;0
450898;2;0;55;0
450899;1;0;85;1
450900;1;0;80;1
450900;2;0;10;1
450901;1;0;50;4
450901;2;0;5;0
450902;1;0;75;0
450903;1;0;107;2
450904;1;1;45;99
450905;1;0;84;2
450905;2;0;5;0
450908;1;0;25;0
450909;1;1;40;0
450910;1;0;55;0
450910;2;0;55;0
450910;3;1;55;99
450910;4;1;55;99
460108;1;0;999;0
460108;2;0;999;0
460109;1;0;999;1
460109;2;0;999;0
460110;1;0;999;0
460111;1;0;55;0
460113;1;0;5;998
460114;1;0;58;0
460116;1;0;96;1
470782;1;0;998;1
470782;2;0;998;0
470787;1;0;998;0
470789;1;1;998;0
470792;1;0;998;0
470792;2;0;998;0
470796;1;0;998;2
470797;1;0;998;0
470797;2;0;998;0
470801;1;0;998;0
470801;2;0;998;0
470802;1;0;998;2
470802;2;0;998;1
470804;1;0;998;0
470805;1;0;998;1
470805;2;0;0;0
470808;1;0;998;2
470808;2;0;998;0
470808;3;0;998;1
470810;1;0;998;0
470810;2;0;998;0
470811;1;0;998;0
470812;1;0;998;0
470812;2;0;998;0
470813;1;0;998;0
470813;2;0;998;0
470815;1;0;998;0
470815;2;0;0;1
470816;1;0;998;0
470817;1;0;998;0
470818;1;0;998;1
470818;2;0;998;0
470819;1;0;998;0
470821;1;0;998;0
470822;1;0;998;0
470822;2;0;998;0
470823;1;0;998;0
470826;1;0;998;1
470826;2;0;998;0
470826;3;0;998;0
470827;1;0;998;1
470828;1;0;998;0
470829;1;1;998;0
470829;2;0;998;0
470831;1;0;998;0
470831;2;0;998;0
470832;1;0;998;0
470832;2;0;998;0
470833;1;0;998;0
470833;2;0;0;0
470834;1;0;998;0
470834;2;0;998;0
470835;1;0;998;1
470836;1;0;998;0
470837;1;0;998;0
470838;1;0;998;0
470839;1;0;998;0
470839;2;0;998;0
470841;1;0;998;0
470842;1;0;0;0
470843;1;0;998;0
470844;1;0;998;0
470845;1;0;998;0
470846;1;0;998;0
470847;1;0;998;0
470848;1;0;998;0
470848;2;0;998;0
470849;1;0;998;0
470849;2;0;998;1
470851;1;0;998;0
470852;1;0;998;0
470852;2;0;998;0
470853;1;0;998;0
470853;2;0;998;0
470853;3;0;998;1
470854;1;0;998;3
470854;2;0;998;3
470855;1;0;998;0
470855;2;0;998;0
470858;1;1;998;99
470859;1;0;998;0
470859;2;0;998;0
470860;1;0;998;0
470861;1;0;998;0
470861;2;0;998;0
470862;1;0;71;3
470862;2;0;998;0
470863;1;0;998;1
470864;1;0;998;1
470865;1;0;998;0
470866;1;0;998;0
470867;1;0;998;0
470868;1;0;998;0
470869;1;0;998;0
470869;2;0;998;0
470870;1;0;998;1
470871;1;0;998;0
470872;1;0;998;99
470873;1;0;998;0
470875;1;1;998;99
470876;1;0;998;0
470877;1;0;998;0
470878;1;0;998;0
470879;1;0;998;1
470879;2;0;998;0
470880;1;0;998;0
470880;2;0;998;0
470881;1;1;998;0
470882;1;0;998;1
470882;2;0;998;1
470883;1;0;998;1
470883;2;0;998;0
470884;1;0;998;0
470884;2;0;998;0
470884;3;0;998;0
470884;4;0;998;0
470885;1;0;998;0
470887;1;0;998;0
470888;1;0;998;0
470889;1;0;998;0
470890;1;0;998;2
470890;2;0;998;0
470891;1;0;998;0
470891;2;0;998;0
470892;1;0;998;1
470892;2;0;998;0
470893;1;0;998;1
470893;2;0;998;0
470894;1;0;998;0
470894;2;0;0;0
470895;1;0;998;0
470895;2;0;0;1
470895;3;0;0;1
470896;1;0;998;1
470897;1;0;998;0
470897;2;0;998;1
470898;1;0;998;1
470900;1;0;998;0
470900;2;0;998;0
470901;1;0;998;0
470902;1;0;998;0
470903;1;0;998;0
470904;1;0;998;2
470906;1;1;998;1
470907;1;0;998;0
470907;2;0;998;0
470908;1;0;998;2
470908;2;0;998;0
470909;1;0;998;2
470909;2;0;998;0
470911;1;0;998;1
470912;1;0;998;0
470915;1;0;998;0
470915;2;0;998;0
470919;1;0;998;0
470919;2;0;998;0
482871;1;0;998;0
482871;2;0;998;0
482872;1;0;998;0
482872;2;0;0;0
482872;3;0;0;0
482873;1;1;998;99
482874;1;0;998;0
482874;2;0;0;1
482875;1;0;998;1
482875;2;0;998;0
482876;1;0;998;0
482877;1;0;998;2
482877;2;0;998;0
482878;1;0;998;0
482878;2;0;998;0
482879;1;0;998;0
482879;2;0;0;0
482879;3;0;998;0
482880;1;0;998;0
482880;2;0;998;1
482881;1;0;998;0
482881;2;0;998;1
482882;1;0;998;1
482882;2;0;998;0
482883;1;0;998;0
482884;1;0;998;2
482884;2;0;998;0
482885;1;0;998;1
482885;2;0;998;0
482885;3;0;998;1
482885;4;0;998;0
482886;1;0;998;99
482886;2;0;998;0
482887;1;0;998;2
482887;2;0;998;0
482888;1;1;998;99
482889;1;0;998;0
482889;2;0;998;0
482890;1;0;998;0
482890;2;0;998;99
482891;1;0;998;0
482892;1;0;998;0
482892;2;0;0;0
482893;1;0;998;0
482894;1;1;998;0
482895;1;0;998;1
482896;1;0;998;0
482896;2;0;998;1
482897;1;0;998;0
482898;1;0;998;1
482900;1;0;998;1
482901;1;0;998;0
482901;2;0;998;0
482902;1;0;998;0
482902;2;0;43;0
482903;1;0;998;1
482904;1;0;998;0
482905;1;0;998;0
482906;1;1;998;1
482907;1;0;998;0
482907;2;0;998;0
482908;1;0;998;0
482908;2;0;998;0
482909;1;0;998;0
482910;1;0;998;1
482910;2;0;998;0
482911;1;0;998;3
482911;2;0;998;0
482912;1;0;998;3
482913;1;0;998;0
482913;2;0;0;998
482913;3;0;0;998
482914;1;0;998;1
482915;1;0;998;0
482915;2;0;998;1
482916;1;0;998;0
482916;2;0;998;0
482917;1;0;998;0
482918;1;0;998;0
482918;2;0;998;0
482919;1;0;998;0
482920;1;0;998;0
482922;1;0;998;1
482923;1;0;998;0
482923;2;0;998;0
482924;1;0;998;0
482925;1;0;998;1
482925;2;0;998;0
482926;1;0;998;0
482927;1;0;998;0
482928;1;0;998;0
482929;1;0;998;0
482929;2;0;998;2
482929;3;0;998;1
482929;4;0;998;0
482929;5;0;998;0
482930;1;0;998;0
482930;2;0;998;0
482931;1;1;998;99
482931;2;0;998;4
482932;1;0;998;0
482933;1;0;998;0
482934;1;0;0;1
482934;2;0;998;0
482935;1;0;998;2
482936;1;0;998;99
482936;2;0;998;0
482937;1;0;998;0
482937;2;0;998;2
482938;1;0;998;0
482939;1;0;998;0
482940;1;0;998;0
482941;1;0;998;2
482942;1;0;998;0
482942;2;0;80;0
482943;1;0;998;1
482943;3;0;998;0
482944;1;0;998;0
482945;1;0;998;0
482946;1;0;998;0
482947;1;0;998;0
482947;2;0;998;1
482948;1;0;998;0
482949;1;1;999;99
482950;1;0;998;0
482951;1;0;998;1
482952;1;0;998;0
482953;1;0;998;0
482953;2;0;998;1
482954;1;0;998;2
482956;1;0;998;0
482957;1;0;998;0
482958;1;1;999;99
482959;1;0;998;0
482960;1;0;998;1
482960;2;0;998;0
482961;1;0;998;1
482962;1;0;998;2
482962;2;0;998;0
482963;1;0;998;0
482963;2;0;998;4
482964;1;0;998;0
482964;2;0;998;0
482965;1;0;998;0
482966;1;0;998;0
482967;1;0;998;0
482967;2;0;998;0
482968;1;0;998;1
482968;2;0;998;0
482969;1;0;998;99
482970;1;0;998;0
482970;2;0;998;1
482971;1;0;998;0
482972;1;0;998;2
482973;1;0;998;0
482974;1;0;998;0
482975;1;0;998;0
482976;1;0;998;0
482977;1;0;998;0
482977;2;0;998;0
482978;1;0;998;0
482979;1;0;998;1
482979;2;0;998;1
482980;1;0;998;0
482981;1;0;998;2
482982;1;0;998;0
482982;2;0;998;0
482983;1;0;998;0
482984;1;0;998;0
482985;1;1;998;99
482986;1;0;998;0
482987;1;0;998;0
482988;1;0;998;0
482989;1;0;998;0
482990;1;0;998;0
482991;1;0;998;0
482991;2;0;998;0
482992;1;0;998;1
482992;2;0;998;1
482993;1;0;998;0
482994;1;0;998;0
482994;2;0;998;0
482995;1;0;998;0
482995;2;0;998;0
482995;3;0;998;0
482996;1;0;998;0
482997;1;0;998;0
482998;1;0;998;0
482999;1;0;998;1
482999;2;0;998;0
483000;1;0;998;0
483001;1;0;998;1
483001;2;0;998;1
483002;1;0;998;0
483003;1;0;998;0
483004;1;0;998;0
483005;1;0;998;0
483005;2;0;998;0
483005;3;0;0;0
483005;4;0;0;0
483006;1;0;998;0
483007;1;0;998;1
483007;2;0;998;0
483008;1;0;998;0
483008;2;0;998;0
483009;1;0;998;0
483010;1;0;998;1
483011;1;0;998;1
483011;2;0;998;0
483012;1;0;998;0
483013;1;0;998;0
483013;2;0;998;0
483014;1;0;998;0
483015;1;0;998;2
483016;1;0;998;0
483017;1;0;998;0
483017;2;0;0;2
483018;1;0;998;0
483019;1;0;998;1
483019;2;0;998;1
483020;1;0;998;0
483020;2;0;998;0
483021;1;0;998;0
483021;2;0;998;2
483022;1;0;998;0
483022;2;0;998;0
483022;3;0;998;0
483023;1;0;998;2
483024;1;0;998;0
483025;1;0;998;0
483026;1;0;998;0
483027;1;0;998;0
483028;1;0;998;0
483029;1;0;998;0
483030;1;0;998;1
483031;1;0;998;0
483033;1;0;998;1
483034;1;0;998;0
483035;1;0;998;0
483035;2;0;998;1
483036;1;0;998;0
483036;2;0;998;0
483037;1;0;998;0
483038;1;0;998;0
483039;1;0;998;0
483039;2;0;998;0
483040;1;0;998;0
483040;2;0;998;0
483040;3;0;998;1
483041;1;0;998;0
483041;2;0;998;0
483042;1;0;998;0
483042;2;0;0;998
483043;1;0;998;0
483043;2;0;998;0
483044;1;0;998;0
483045;1;0;998;1
483046;1;0;998;1
483046;2;0;998;1
483047;1;0;998;0
483047;2;0;998;0
483048;1;0;998;1
483049;1;1;998;99
483050;1;0;998;0
483051;1;1;998;99
483051;2;0;998;0
483052;1;0;998;0
483052;2;0;998;0
483053;1;0;998;0
483053;2;0;998;1
483054;1;0;998;1
483054;2;0;998;0
483055;1;0;998;0
483055;2;0;998;0
483056;1;0;998;0
483056;2;0;0;998
483056;3;0;0;998
483057;1;0;998;99
483057;2;0;0;0
483058;1;0;998;0
483059;1;0;998;0
483060;1;0;998;0
483061;1;0;998;0
483062;1;0;998;0
483063;1;0;998;0
483063;2;0;998;1
483064;1;0;998;0
483064;2;0;998;2
483064;3;0;998;0
483065;1;0;998;0
483066;1;0;998;0
483067;1;0;998;1
483067;2;0;998;0
483068;1;0;998;0
483069;1;0;998;0
483069;2;0;998;0
483070;1;0;998;0
483071;1;0;998;1
483072;1;0;998;0
483073;1;0;998;0
483073;2;0;998;0
483074;1;0;998;2
483075;1;0;85;0
483076;1;0;998;1
483077;1;0;998;0
483078;1;0;998;1
483078;2;0;998;99
483079;1;0;998;0
483080;1;0;998;0
483080;2;0;998;0
483081;1;0;998;0
483082;1;1;998;1
483082;2;0;998;0
483083;1;0;998;0
483084;1;0;998;0
483085;1;0;998;0
483085;2;0;998;1
483086;1;0;998;0
483087;1;0;998;0
483088;1;0;998;0
483089;1;1;998;0
483090;1;0;998;0
483090;2;0;998;1
483090;3;0;998;0
483091;1;0;998;1
483092;1;0;998;0
483092;2;0;998;0
483093;1;0;998;0
483094;1;0;998;0
483095;1;0;998;0
483096;1;0;998;0
483096;2;0;998;99
483097;1;0;998;1
483097;2;0;998;0
483098;1;0;998;0
483098;2;0;998;0
483099;1;0;998;0
483100;1;0;998;0
483113;1;0;998;0
483113;2;0;998;0
483114;1;0;998;1
483114;2;0;998;0
483115;1;1;998;0
483116;1;0;998;0
483116;2;0;998;0
483118;1;0;998;0
483118;2;0;998;0
483119;1;0;998;0
483120;1;0;998;3
483120;2;0;998;0
483121;1;0;998;0
483122;1;0;998;0
483123;1;1;998;99
483124;1;0;998;0
483125;1;0;998;0
483125;2;0;998;0
483125;3;0;998;0
483125;4;0;998;0
483126;1;0;998;2
483127;1;0;998;0
483128;1;0;998;0
483129;1;0;998;0
483129;2;0;998;0
483130;1;0;998;2
483130;2;0;998;0
483131;1;0;998;1
483132;1;0;998;0
483132;2;0;998;2
483133;1;0;998;1
483133;2;0;998;0
483134;1;0;998;1
483134;2;0;998;1
483136;1;0;998;0
483136;2;0;998;0
483137;1;0;998;0
483138;1;0;998;0
483139;1;0;998;0
483140;1;0;998;0
483150;1;0;998;0
483150;2;0;998;0
483151;1;0;998;0
483152;1;0;998;99
483152;2;0;998;1
483153;1;0;998;0
483153;2;0;998;0
483154;1;1;998;0
483155;1;0;998;0
483155;2;0;998;0
483156;1;0;998;0
483157;1;0;50;5
483157;2;0;70;99
483158;1;0;998;0
483159;1;0;998;0
483160;1;0;998;0
483160;2;0;998;0
483160;3;0;998;0
483161;1;0;998;0
483162;1;0;998;0
483162;2;0;998;1
483163;1;0;998;0
483163;2;0;998;0
483164;1;0;998;0
483165;1;0;998;0
483165;2;0;998;0
483166;1;0;998;1
483166;2;0;0;0
483166;3;0;0;0
483167;1;0;998;1
483167;2;0;998;0
483168;1;0;998;1
483168;2;0;998;0
483169;1;0;998;0
483170;1;0;998;0
483175;1;0;998;0
483176;1;0;998;0
483176;2;0;0;0
483177;1;0;998;0
483177;2;0;998;0
483179;1;0;998;0
483179;2;0;998;1
483180;1;0;998;0
483180;2;0;998;0
483189;1;0;998;1
483190;1;0;998;1
483190;2;0;998;0
483193;1;0;998;0
483194;1;0;998;0
483194;2;0;998;0
483195;1;0;998;0
490230;1;0;45;1
490231;1;0;45;0
490232;1;0;35;0
490232;2;0;35;0
490232;3;0;35;0
490237;1;0;70;0
490238;1;0;75;0
490238;2;0;0;0
490238;3;0;10;0
490239;1;0;20;0
490239;2;0;50;0
490240;1;0;42;0
490241;1;0;50;0
490241;2;0;50;0
490242;1;0;999;2
490243;1;0;45;1
490245;1;0;999;0
490246;1;0;60;0
490246;2;0;60;0
490246;3;0;75;0
490247;1;0;999;2
490247;2;0;50;0
490249;1;0;30;0
490249;2;0;30;1
490250;1;0;85;0
490250;2;0;65;1
490250;3;0;70;0
490250;4;0;70;0
490250;5;0;70;0
490251;1;0;50;1
490251;2;0;0;1
490251;3;0;15;0
490253;1;0;10;0
490253;2;0;55;0
490254;1;0;40;2
490255;1;0;80;0
490257;1;0;60;0
490257;2;0;41;0
490257;3;0;40;1
490258;1;0;998;0
490259;1;1;998;0
490260;1;0;15;0
490260;2;0;30;0
500046;1;0;998;0
500047;1;0;998;0
500048;1;1;998;1
500049;1;0;998;2
500050;1;0;998;1
500050;2;0;998;0
510616;1;0;70;2
510618;1;0;65;0
510619;1;0;998;2
510621;1;0;45;1
510621;2;0;40;1
510622;1;0;100;0
510624;1;0;55;0
510625;1;0;60;3
510626;1;0;55;1
510627;1;0;30;0
510627;2;0;20;0
510628;1;0;45;0
510628;2;0;45;0
510628;3;0;45;0
510631;1;0;45;1
510632;1;0;50;0
510633;1;0;70;0
510637;1;0;30;1
510637;2;0;30;0
510638;1;0;55;0
510639;1;0;998;0
510645;1;0;70;0
510646;1;0;55;1
510647;1;0;40;1
510648;1;0;55;0
510651;1;0;80;2
510652;1;0;62;0
510656;1;0;35;2
510657;1;0;35;0
510658;1;0;0;1
510658;2;0;45;0
510658;3;0;55;1
510659;1;0;55;0
510659;2;0;55;0
510660;1;0;55;0
510660;2;0;40;0
510661;1;0;35;0
510662;1;0;60;0
510663;1;0;998;2
510663;2;0;40;0
510664;1;0;10;0
510664;2;0;35;0
510665;1;0;50;0
510666;1;0;40;0
510667;1;0;55;0
510668;1;0;55;0
510668;2;0;55;0
510670;1;0;45;0
510671;1;0;55;0
510672;1;0;5;0
510672;2;0;55;3
510673;1;0;60;0
510674;1;0;60;0
510674;2;0;60;0
510675;1;0;100;2
510675;2;0;60;0
510676;1;0;80;1
510677;1;0;75;0
510677;2;0;0;0
510678;1;0;45;0
510679;1;1;55;0
510680;1;0;70;0
510680;2;0;70;0
510680;3;0;65;0
510681;1;0;50;0
510682;1;0;998;0
510682;2;0;998;2
510683;1;0;998;1
510684;1;0;55;0
510689;1;0;998;0
510689;2;0;998;0
510689;3;0;35;0
510689;4;0;998;1
510690;1;0;55;1
510690;2;0;55;0
510691;1;0;50;0
510695;1;0;55;0
510695;2;0;55;1
510695;3;0;50;0
510696;1;0;80;0
510698;1;0;35;0
510699;1;0;70;0
510700;1;0;43;1
510702;1;0;998;0
510705;1;0;80;3
510705;2;0;60;1
510706;1;0;40;0
510706;2;0;10;0
510710;1;0;60;0
510711;1;0;55;1
510711;2;0;55;4
510712;1;0;55;1
510713;1;0;45;0
530478;1;0;998;0
530479;1;0;998;0
530480;1;0;998;0
530481;1;0;998;1
530482;1;0;998;0
530482;2;0;998;1
530483;1;0;998;0
530484;1;0;998;0
530485;1;0;0;0
530485;2;0;998;0
530486;1;1;998;99
530487;1;0;998;4
530487;2;0;998;0
530487;3;0;998;0
530487;4;0;998;0
530487;5;0;998;0
530488;1;0;998;0
530489;1;0;998;1
530489;2;0;998;0
530490;1;0;998;0
530491;1;0;998;1
530492;1;0;998;0
530493;1;0;0;0
530493;2;0;0;0
530493;3;0;998;0
530494;1;0;998;0
530495;1;0;998;0
530496;1;0;998;0
530497;1;0;0;0
530497;2;0;998;3
530498;1;0;998;0
530499;1;0;998;0
530500;1;0;998;0
530501;1;0;998;0
530501;2;0;998;2
530502;1;0;998;0
530503;1;0;998;0
530503;2;0;998;2
530504;1;0;998;0
530504;2;0;0;0
530505;1;0;998;0
530505;2;0;998;0
530505;3;0;998;0
530505;4;0;998;1
530505;5;0;998;0
530506;1;0;998;0
530506;2;0;998;1
530507;1;0;998;0
530507;2;0;998;1
530508;1;0;998;0
530508;2;0;998;0
530509;1;0;998;0
530510;1;0;998;0
530510;2;0;998;2
530511;1;0;998;0
530511;2;0;998;0
530512;1;0;998;0
530512;2;0;998;0
530513;1;0;998;0
530514;1;0;998;0
530515;1;0;998;1
530516;1;0;998;0
530517;1;0;998;0
530517;2;0;998;0
530518;1;0;998;0
540233;1;0;998;0
540236;1;0;998;0
540237;1;0;998;0
540238;1;0;998;0
540239;1;0;998;0
540240;1;0;998;0
540241;1;0;998;0
540242;1;0;998;0
540243;1;0;998;1
540243;2;0;998;0
540244;1;0;998;0
540244;2;0;998;0
540245;1;0;998;0
540245;2;0;998;0
540246;1;0;998;0
540246;2;0;998;0
540247;1;0;998;1
540247;2;0;998;0
540248;1;0;998;0
540248;2;0;998;0
540249;1;0;998;0
540249;2;0;998;0
550462;1;0;70;0
550464;2;0;60;99
550477;1;0;999;0
550479;1;0;55;0
550480;1;0;45;0
550480;2;0;30;0
550483;1;0;55;0
550484;1;0;999;0
550484;2;0;999;0
550485;1;0;70;0
550487;1;0;999;0
550487;2;0;999;0
550488;1;0;97;2
550489;1;0;80;0
550491;1;0;45;0
550494;1;0;999;0
550495;1;0;999;0
550500;1;0;50;0
550502;1;0;50;0
550502;2;0;50;0
550502;3;0;50;0
550503;1;1;55;1
550504;1;0;45;0
550504;2;0;999;0
550505;1;0;999;0
550505;2;0;0;0
550505;3;0;999;0
550506;1;0;999;0
550507;1;0;999;0
550508;1;0;20;0
550509;1;0;68;3
550509;2;0;999;0
550510;1;0;45;0
550511;1;0;999;0
550512;1;0;55;0
550513;1;0;70;0
550514;1;1;999;0
550514;2;0;30;1
550515;1;0;25;0
550515;2;0;999;0
550516;1;0;55;2
550516;2;0;55;0
550517;1;0;45;0
550518;1;0;998;0
550519;1;0;40;0
550520;1;0;999;0
560125;1;0;61;0
560125;2;0;96;1
560126;1;0;65;3
560126;2;0;65;1
560127;1;0;90;2
560128;1;0;50;0
560128;2;0;999;3
560129;1;0;999;2
560129;2;0;65;99
560130;1;0;999;1